"","plate_number","well_position","sample_type","original_plate","day","sample","technical_replicate","c_rt1_primer_name","rd1_index_cell_index_index_sequence_as_in_c_rt1_primer","illumina_index_index_number_separate_index_read","illumina_index_index_sequence_separate_index_read","rt1_index_primer_sequences","sequencing_run"
"Danu_MB_1_A3","Danu_MB_1","A3","empty","N/A","N/A","N/A","N/A","99","GGTCTAT","RPI-43","N/A","CGATTGAGGCCGGTAATACGACTCACTATAGGGGTTCAGAGTTCTACAGTCCGACGATCNNNNNNGGTCTATGTTTTTTTTTTTTTTTTTTTTTTTTV","S000443"
"Danu_MB_1_A4","Danu_MB_1","A4","empty","N/A","N/A","N/A","N/A","100","GTCCGAA","RPI-43","N/A","CGATTGAGGCCGGTAATACGACTCACTATAGGGGTTCAGAGTTCTACAGTCCGACGATCNNNNNNGTCCGAATTTTTTTTTTTTTTTTTTTTTTTTTV","S000443"
"Danu_MB_1_A5","Danu_MB_1","A5","empty","N/A","N/A","N/A","N/A","101","TAGTGCG","RPI-43","N/A","CGATTGAGGCCGGTAATACGACTCACTATAGGGGTTCAGAGTTCTACAGTCCGACGATCNNNNNNTAGTGCGTTTTTTTTTTTTTTTTTTTTTTTTTV","S000443"
"Danu_MB_1_A6","Danu_MB_1","A6","empty","N/A","N/A","N/A","N/A","102","GACTGTA","RPI-43","N/A","CGATTGAGGCCGGTAATACGACTCACTATAGGGGTTCAGAGTTCTACAGTCCGACGATCNNNNNNGACTGTACTTTTTTTTTTTTTTTTTTTTTTTTV","S000443"
"Danu_MB_1_A7","Danu_MB_1","A7","empty","N/A","N/A","N/A","N/A","103","TCCAGTA","RPI-43","N/A","CGATTGAGGCCGGTAATACGACTCACTATAGGGGTTCAGAGTTCTACAGTCCGACGATCNNNNNNTCCAGTAGTTTTTTTTTTTTTTTTTTTTTTTTV","S000443"
"Danu_MB_1_A8","Danu_MB_1","A8","empty","N/A","N/A","N/A","N/A","104","AGCGTTG","RPI-43","N/A","CGATTGAGGCCGGTAATACGACTCACTATAGGGGTTCAGAGTTCTACAGTCCGACGATCNNNNNNAGCGTTGTTTTTTTTTTTTTTTTTTTTTTTTTV","S000443"
"Danu_MB_1_A9","Danu_MB_1","A9","empty","N/A","N/A","N/A","N/A","105","GATGCGT","RPI-43","N/A","CGATTGAGGCCGGTAATACGACTCACTATAGGGGTTCAGAGTTCTACAGTCCGACGATCNNNNNNGATGCGTTTTTTTTTTTTTTTTTTTTTTTTTTV","S000443"
"Danu_MB_1_A10","Danu_MB_1","A10","empty","N/A","N/A","N/A","N/A","106","CCGTTAA","RPI-43","N/A","CGATTGAGGCCGGTAATACGACTCACTATAGGGGTTCAGAGTTCTACAGTCCGACGATCNNNNNNCCGTTAAGTTTTTTTTTTTTTTTTTTTTTTTTV","S000443"
"Danu_MB_1_A11","Danu_MB_1","A11","empty","N/A","N/A","N/A","N/A","107","CAAGCCA","RPI-43","N/A","CGATTGAGGCCGGTAATACGACTCACTATAGGGGTTCAGAGTTCTACAGTCCGACGATCNNNNNNCAAGCCATTTTTTTTTTTTTTTTTTTTTTTTTV","S000443"
"Danu_MB_1_A12","Danu_MB_1","A12","empty","N/A","N/A","N/A","N/A","108","CTCCAAG","RPI-43","N/A","CGATTGAGGCCGGTAATACGACTCACTATAGGGGTTCAGAGTTCTACAGTCCGACGATCNNNNNNCTCCAAGATTTTTTTTTTTTTTTTTTTTTTTTV","S000443"
"Danu_MB_1_A13","Danu_MB_1","A13","empty","N/A","N/A","N/A","N/A","109","CTGCGTA","RPI-43","N/A","CGATTGAGGCCGGTAATACGACTCACTATAGGGGTTCAGAGTTCTACAGTCCGACGATCNNNNNNCTGCGTAATTTTTTTTTTTTTTTTTTTTTTTTV","S000443"
"Danu_MB_1_A14","Danu_MB_1","A14","empty","N/A","N/A","N/A","N/A","110","GTCCAAC","RPI-43","N/A","CGATTGAGGCCGGTAATACGACTCACTATAGGGGTTCAGAGTTCTACAGTCCGACGATCNNNNNNGTCCAACATTTTTTTTTTTTTTTTTTTTTTTTV","S000443"
"Danu_MB_1_A15","Danu_MB_1","A15","empty","N/A","N/A","N/A","N/A","111","ACTTGTG","RPI-43","N/A","CGATTGAGGCCGGTAATACGACTCACTATAGGGGTTCAGAGTTCTACAGTCCGACGATCNNNNNNACTTGTGGTTTTTTTTTTTTTTTTTTTTTTTTV","S000443"
"Danu_MB_1_A16","Danu_MB_1","A16","empty","N/A","N/A","N/A","N/A","112","AGCTCTG","RPI-43","N/A","CGATTGAGGCCGGTAATACGACTCACTATAGGGGTTCAGAGTTCTACAGTCCGACGATCNNNNNNAGCTCTGATTTTTTTTTTTTTTTTTTTTTTTTV","S000443"
"Danu_MB_1_A17","Danu_MB_1","A17","empty","N/A","N/A","N/A","N/A","113","GCATTAG","RPI-43","N/A","CGATTGAGGCCGGTAATACGACTCACTATAGGGGTTCAGAGTTCTACAGTCCGACGATCNNNNNNGCATTAGCTTTTTTTTTTTTTTTTTTTTTTTTV","S000443"
"Danu_MB_1_A18","Danu_MB_1","A18","empty","N/A","N/A","N/A","N/A","114","CCTATGA","RPI-43","N/A","CGATTGAGGCCGGTAATACGACTCACTATAGGGGTTCAGAGTTCTACAGTCCGACGATCNNNNNNCCTATGAGTTTTTTTTTTTTTTTTTTTTTTTTV","S000443"
"Danu_MB_1_A19","Danu_MB_1","A19","empty","N/A","N/A","N/A","N/A","115","CAACGCT","RPI-43","N/A","CGATTGAGGCCGGTAATACGACTCACTATAGGGGTTCAGAGTTCTACAGTCCGACGATCNNNNNNCAACGCTATTTTTTTTTTTTTTTTTTTTTTTTV","S000443"
"Danu_MB_1_A20","Danu_MB_1","A20","empty","N/A","N/A","N/A","N/A","116","GCATAGT","RPI-43","N/A","CGATTGAGGCCGGTAATACGACTCACTATAGGGGTTCAGAGTTCTACAGTCCGACGATCNNNNNNGCATAGTCTTTTTTTTTTTTTTTTTTTTTTTTV","S000443"
"Danu_MB_1_A21","Danu_MB_1","A21","empty","N/A","N/A","N/A","N/A","117","TAGGTCA","RPI-43","N/A","CGATTGAGGCCGGTAATACGACTCACTATAGGGGTTCAGAGTTCTACAGTCCGACGATCNNNNNNTAGGTCACTTTTTTTTTTTTTTTTTTTTTTTTV","S000443"
"Danu_MB_1_A22","Danu_MB_1","A22","empty","N/A","N/A","N/A","N/A","118","ACTCAAG","RPI-43","N/A","CGATTGAGGCCGGTAATACGACTCACTATAGGGGTTCAGAGTTCTACAGTCCGACGATCNNNNNNACTCAAGCTTTTTTTTTTTTTTTTTTTTTTTTV","S000443"
"Danu_MB_1_B1","Danu_MB_1","B1","MB (1ng/uL)","Plate A","Day 3","WT_BioRep 1","1","121","GACTACT","RPI-43","TACAGC","CGATTGAGGCCGGTAATACGACTCACTATAGGGGTTCAGAGTTCTACAGTCCGACGATCNNNNNNGACTACTGTTTTTTTTTTTTTTTTTTTTTTTTV","S000443"
"Danu_MB_1_B2","Danu_MB_1","B2","MB (1ng/uL)","Plate B","Day 9","WT_BioRep 1","1","122","AGTCTTG","RPI-43","TACAGC","CGATTGAGGCCGGTAATACGACTCACTATAGGGGTTCAGAGTTCTACAGTCCGACGATCNNNNNNAGTCTTGGTTTTTTTTTTTTTTTTTTTTTTTTV","S000443"
"Danu_MB_1_B3","Danu_MB_1","B3","MB (1ng/uL)","Plate A","Day 3","WT_BioRep 2","1","123","AGCAGCT","RPI-43","TACAGC","CGATTGAGGCCGGTAATACGACTCACTATAGGGGTTCAGAGTTCTACAGTCCGACGATCNNNNNNAGCAGCTTTTTTTTTTTTTTTTTTTTTTTTTTV","S000443"
"Danu_MB_1_B4","Danu_MB_1","B4","MB (1ng/uL)","Plate B","Day 9","WT_BioRep 2","1","124","TCACAGA","RPI-43","TACAGC","CGATTGAGGCCGGTAATACGACTCACTATAGGGGTTCAGAGTTCTACAGTCCGACGATCNNNNNNTCACAGACTTTTTTTTTTTTTTTTTTTTTTTTV","S000443"
"Danu_MB_1_B5","Danu_MB_1","B5","MB (1ng/uL)","Plate A","Day 3","WT_BioRep 3","1","125","CCTGTAA","RPI-43","TACAGC","CGATTGAGGCCGGTAATACGACTCACTATAGGGGTTCAGAGTTCTACAGTCCGACGATCNNNNNNCCTGTAAGTTTTTTTTTTTTTTTTTTTTTTTTV","S000443"
"Danu_MB_1_B6","Danu_MB_1","B6","MB (1ng/uL)","Plate B","Day 9","WT_BioRep 3","1","126","ATGACTG","RPI-43","TACAGC","CGATTGAGGCCGGTAATACGACTCACTATAGGGGTTCAGAGTTCTACAGTCCGACGATCNNNNNNATGACTGCTTTTTTTTTTTTTTTTTTTTTTTTV","S000443"
"Danu_MB_1_B7","Danu_MB_1","B7","MB (1ng/uL)","Plate A","Day 3","WT_BioRep 4","1","127","CTCTCCT","RPI-43","TACAGC","CGATTGAGGCCGGTAATACGACTCACTATAGGGGTTCAGAGTTCTACAGTCCGACGATCNNNNNNCTCTCCTTTTTTTTTTTTTTTTTTTTTTTTTTV","S000443"
"Danu_MB_1_B8","Danu_MB_1","B8","MB (1ng/uL)","Plate B","Day 9","WT_BioRep 4","1","128","CGTGTCA","RPI-43","TACAGC","CGATTGAGGCCGGTAATACGACTCACTATAGGGGTTCAGAGTTCTACAGTCCGACGATCNNNNNNCGTGTCAATTTTTTTTTTTTTTTTTTTTTTTTV","S000443"
"Danu_MB_1_B9","Danu_MB_1","B9","MB (1ng/uL)","Plate A","Day 3","WT_BioRep 5","1","129","GCCTTAA","RPI-43","TACAGC","CGATTGAGGCCGGTAATACGACTCACTATAGGGGTTCAGAGTTCTACAGTCCGACGATCNNNNNNGCCTTAAGTTTTTTTTTTTTTTTTTTTTTTTTV","S000443"
"Danu_MB_1_B10","Danu_MB_1","B10","MB (1ng/uL)","Plate B","Day 9","WT_BioRep 5","1","130","GCACGTA","RPI-43","TACAGC","CGATTGAGGCCGGTAATACGACTCACTATAGGGGTTCAGAGTTCTACAGTCCGACGATCNNNNNNGCACGTATTTTTTTTTTTTTTTTTTTTTTTTTV","S000443"
"Danu_MB_1_B11","Danu_MB_1","B11","empty","N/A","N/A","N/A","N/A","131","CAACGTA","RPI-43","N/A","CGATTGAGGCCGGTAATACGACTCACTATAGGGGTTCAGAGTTCTACAGTCCGACGATCNNNNNNCAACGTACTTTTTTTTTTTTTTTTTTTTTTTTV","S000443"
"Danu_MB_1_B12","Danu_MB_1","B12","empty","N/A","N/A","N/A","N/A","132","GCGTACA","RPI-43","N/A","CGATTGAGGCCGGTAATACGACTCACTATAGGGGTTCAGAGTTCTACAGTCCGACGATCNNNNNNGCGTACATTTTTTTTTTTTTTTTTTTTTTTTTV","S000443"
"Danu_MB_1_B13","Danu_MB_1","B13","MB (1ng/uL)","Plate A","Day 3","GID1KO_BioRep 1","1","133","TATCCAG","RPI-43","TACAGC","CGATTGAGGCCGGTAATACGACTCACTATAGGGGTTCAGAGTTCTACAGTCCGACGATCNNNNNNTATCCAGGTTTTTTTTTTTTTTTTTTTTTTTTV","S000443"
"Danu_MB_1_B14","Danu_MB_1","B14","MB (1ng/uL)","Plate B","Day 9","GID1KO_BioRep 1","1","134","CCGATAT","RPI-43","TACAGC","CGATTGAGGCCGGTAATACGACTCACTATAGGGGTTCAGAGTTCTACAGTCCGACGATCNNNNNNCCGATATGTTTTTTTTTTTTTTTTTTTTTTTTV","S000443"
"Danu_MB_1_B15","Danu_MB_1","B15","MB (1ng/uL)","Plate A","Day 3","GID1KO_BioRep 2","1","135","GTGTTAG","RPI-43","TACAGC","CGATTGAGGCCGGTAATACGACTCACTATAGGGGTTCAGAGTTCTACAGTCCGACGATCNNNNNNGTGTTAGCTTTTTTTTTTTTTTTTTTTTTTTTV","S000443"
"Danu_MB_1_B16","Danu_MB_1","B16","MB (1ng/uL)","Plate B","Day 9","GID1KO_BioRep 2","1","136","GTGGTTG","RPI-43","TACAGC","CGATTGAGGCCGGTAATACGACTCACTATAGGGGTTCAGAGTTCTACAGTCCGACGATCNNNNNNGTGGTTGTTTTTTTTTTTTTTTTTTTTTTTTTV","S000443"
"Danu_MB_1_B17","Danu_MB_1","B17","MB (1ng/uL)","Plate A","Day 3","GID1KO_BioRep 3","1","137","GTTGCTG","RPI-43","TACAGC","CGATTGAGGCCGGTAATACGACTCACTATAGGGGTTCAGAGTTCTACAGTCCGACGATCNNNNNNGTTGCTGATTTTTTTTTTTTTTTTTTTTTTTTV","S000443"
"Danu_MB_1_B18","Danu_MB_1","B18","MB (1ng/uL)","Plate B","Day 9","GID1KO_BioRep 3","1","138","CCTGGAT","RPI-43","TACAGC","CGATTGAGGCCGGTAATACGACTCACTATAGGGGTTCAGAGTTCTACAGTCCGACGATCNNNNNNCCTGGATATTTTTTTTTTTTTTTTTTTTTTTTV","S000443"
"Danu_MB_1_B19","Danu_MB_1","B19","MB (1ng/uL)","Plate A","Day 3","GID1KO_BioRep 4","1","139","ACCGACA","RPI-43","TACAGC","CGATTGAGGCCGGTAATACGACTCACTATAGGGGTTCAGAGTTCTACAGTCCGACGATCNNNNNNACCGACATTTTTTTTTTTTTTTTTTTTTTTTTV","S000443"
"Danu_MB_1_B20","Danu_MB_1","B20","MB (1ng/uL)","Plate B","Day 9","GID1KO_BioRep 4","1","140","ATGCTGA","RPI-43","TACAGC","CGATTGAGGCCGGTAATACGACTCACTATAGGGGTTCAGAGTTCTACAGTCCGACGATCNNNNNNATGCTGACTTTTTTTTTTTTTTTTTTTTTTTTV","S000443"
"Danu_MB_1_B21","Danu_MB_1","B21","MB (1ng/uL)","Plate A","Day 3","GID1KO_BioRep 5","1","141","TACTGGC","RPI-43","TACAGC","CGATTGAGGCCGGTAATACGACTCACTATAGGGGTTCAGAGTTCTACAGTCCGACGATCNNNNNNTACTGGCATTTTTTTTTTTTTTTTTTTTTTTTV","S000443"
"Danu_MB_1_B22","Danu_MB_1","B22","MB (1ng/uL)","Plate B","Day 9","GID1KO_BioRep 5","1","142","CAGTCAT","RPI-43","TACAGC","CGATTGAGGCCGGTAATACGACTCACTATAGGGGTTCAGAGTTCTACAGTCCGACGATCNNNNNNCAGTCATGTTTTTTTTTTTTTTTTTTTTTTTTV","S000443"
"Danu_MB_1_B23","Danu_MB_1","B23","empty","N/A","N/A","N/A","N/A","143","GTGATTC","RPI-43","N/A","CGATTGAGGCCGGTAATACGACTCACTATAGGGGTTCAGAGTTCTACAGTCCGACGATCNNNNNNGTGATTCGTTTTTTTTTTTTTTTTTTTTTTTTV","S000443"
"Danu_MB_1_B24","Danu_MB_1","B24","empty","N/A","N/A","N/A","N/A","144","CGCATGT","RPI-43","N/A","CGATTGAGGCCGGTAATACGACTCACTATAGGGGTTCAGAGTTCTACAGTCCGACGATCNNNNNNCGCATGTATTTTTTTTTTTTTTTTTTTTTTTTV","S000443"
"Danu_MB_1_C1","Danu_MB_1","C1","MB (1ng/uL)","Plate A","Day 3","WT_BioRep 1","2","145","AGTGTGC","RPI-43","TACAGC","CGATTGAGGCCGGTAATACGACTCACTATAGGGGTTCAGAGTTCTACAGTCCGACGATCNNNNNNAGTGTGCTTTTTTTTTTTTTTTTTTTTTTTTTV","S000443"
"Danu_MB_1_C2","Danu_MB_1","C2","MB (1ng/uL)","Plate B","Day 9","WT_BioRep 1","2","146","TGTCGCA","RPI-43","TACAGC","CGATTGAGGCCGGTAATACGACTCACTATAGGGGTTCAGAGTTCTACAGTCCGACGATCNNNNNNTGTCGCAATTTTTTTTTTTTTTTTTTTTTTTTV","S000443"
"Danu_MB_1_C3","Danu_MB_1","C3","MB (1ng/uL)","Plate A","Day 3","WT_BioRep 2","2","147","GGACTTA","RPI-43","TACAGC","CGATTGAGGCCGGTAATACGACTCACTATAGGGGTTCAGAGTTCTACAGTCCGACGATCNNNNNNGGACTTACTTTTTTTTTTTTTTTTTTTTTTTTV","S000443"
"Danu_MB_1_C4","Danu_MB_1","C4","MB (1ng/uL)","Plate B","Day 9","WT_BioRep 2","2","148","CTATCGG","RPI-43","TACAGC","CGATTGAGGCCGGTAATACGACTCACTATAGGGGTTCAGAGTTCTACAGTCCGACGATCNNNNNNCTATCGGATTTTTTTTTTTTTTTTTTTTTTTTV","S000443"
"Danu_MB_1_C5","Danu_MB_1","C5","MB (1ng/uL)","Plate A","Day 3","WT_BioRep 3","2","149","ACGCGTT","RPI-43","TACAGC","CGATTGAGGCCGGTAATACGACTCACTATAGGGGTTCAGAGTTCTACAGTCCGACGATCNNNNNNACGCGTTATTTTTTTTTTTTTTTTTTTTTTTTV","S000443"
"Danu_MB_1_C6","Danu_MB_1","C6","MB (1ng/uL)","Plate B","Day 9","WT_BioRep 3","2","150","TACGCTG","RPI-43","TACAGC","CGATTGAGGCCGGTAATACGACTCACTATAGGGGTTCAGAGTTCTACAGTCCGACGATCNNNNNNTACGCTGATTTTTTTTTTTTTTTTTTTTTTTTV","S000443"
"Danu_MB_1_C7","Danu_MB_1","C7","MB (1ng/uL)","Plate A","Day 3","WT_BioRep 4","2","151","ACTACAC","RPI-43","TACAGC","CGATTGAGGCCGGTAATACGACTCACTATAGGGGTTCAGAGTTCTACAGTCCGACGATCNNNNNNACTACACGTTTTTTTTTTTTTTTTTTTTTTTTV","S000443"
"Danu_MB_1_C8","Danu_MB_1","C8","MB (1ng/uL)","Plate B","Day 9","WT_BioRep 4","2","152","ATCACGA","RPI-43","TACAGC","CGATTGAGGCCGGTAATACGACTCACTATAGGGGTTCAGAGTTCTACAGTCCGACGATCNNNNNNATCACGACTTTTTTTTTTTTTTTTTTTTTTTTV","S000443"
"Danu_MB_1_C9","Danu_MB_1","C9","MB (1ng/uL)","Plate A","Day 3","WT_BioRep 5","2","153","CATCAAG","RPI-43","TACAGC","CGATTGAGGCCGGTAATACGACTCACTATAGGGGTTCAGAGTTCTACAGTCCGACGATCNNNNNNCATCAAGCTTTTTTTTTTTTTTTTTTTTTTTTV","S000443"
"Danu_MB_1_C10","Danu_MB_1","C10","MB (1ng/uL)","Plate B","Day 9","WT_BioRep 5","2","154","ACTGTTG","RPI-43","TACAGC","CGATTGAGGCCGGTAATACGACTCACTATAGGGGTTCAGAGTTCTACAGTCCGACGATCNNNNNNACTGTTGGTTTTTTTTTTTTTTTTTTTTTTTTV","S000443"
"Danu_MB_1_C11","Danu_MB_1","C11","empty","N/A","N/A","N/A","N/A","155","TCAGTGC","RPI-43","N/A","CGATTGAGGCCGGTAATACGACTCACTATAGGGGTTCAGAGTTCTACAGTCCGACGATCNNNNNNTCAGTGCATTTTTTTTTTTTTTTTTTTTTTTTV","S000443"
"Danu_MB_1_C12","Danu_MB_1","C12","empty","N/A","N/A","N/A","N/A","156","GCGATAT","RPI-43","N/A","CGATTGAGGCCGGTAATACGACTCACTATAGGGGTTCAGAGTTCTACAGTCCGACGATCNNNNNNGCGATATCTTTTTTTTTTTTTTTTTTTTTTTTV","S000443"
"Danu_MB_1_C13","Danu_MB_1","C13","MB (1ng/uL)","Plate A","Day 3","GID1KO_BioRep 1","2","157","TGCGTAG","RPI-43","TACAGC","CGATTGAGGCCGGTAATACGACTCACTATAGGGGTTCAGAGTTCTACAGTCCGACGATCNNNNNNTGCGTAGTTTTTTTTTTTTTTTTTTTTTTTTTV","S000443"
"Danu_MB_1_C14","Danu_MB_1","C14","MB (1ng/uL)","Plate B","Day 9","GID1KO_BioRep 1","2","158","GCTAGTG","RPI-43","TACAGC","CGATTGAGGCCGGTAATACGACTCACTATAGGGGTTCAGAGTTCTACAGTCCGACGATCNNNNNNGCTAGTGTTTTTTTTTTTTTTTTTTTTTTTTTV","S000443"
"Danu_MB_1_C15","Danu_MB_1","C15","MB (1ng/uL)","Plate A","Day 3","GID1KO_BioRep 2","2","159","CTCACGA","RPI-43","TACAGC","CGATTGAGGCCGGTAATACGACTCACTATAGGGGTTCAGAGTTCTACAGTCCGACGATCNNNNNNCTCACGAATTTTTTTTTTTTTTTTTTTTTTTTV","S000443"
"Danu_MB_1_C16","Danu_MB_1","C16","MB (1ng/uL)","Plate B","Day 9","GID1KO_BioRep 2","2","160","AGTCACG","RPI-43","TACAGC","CGATTGAGGCCGGTAATACGACTCACTATAGGGGTTCAGAGTTCTACAGTCCGACGATCNNNNNNAGTCACGTTTTTTTTTTTTTTTTTTTTTTTTTV","S000443"
"Danu_MB_1_C17","Danu_MB_1","C17","MB (1ng/uL)","Plate A","Day 3","GID1KO_BioRep 3","2","161","CACGGTA","RPI-43","TACAGC","CGATTGAGGCCGGTAATACGACTCACTATAGGGGTTCAGAGTTCTACAGTCCGACGATCNNNNNNCACGGTATTTTTTTTTTTTTTTTTTTTTTTTTV","S000443"
"Danu_MB_1_C18","Danu_MB_1","C18","MB (1ng/uL)","Plate B","Day 9","GID1KO_BioRep 3","2","162","GGCACTT","RPI-43","TACAGC","CGATTGAGGCCGGTAATACGACTCACTATAGGGGTTCAGAGTTCTACAGTCCGACGATCNNNNNNGGCACTTATTTTTTTTTTTTTTTTTTTTTTTTV","S000443"
"Danu_MB_1_C19","Danu_MB_1","C19","MB (1ng/uL)","Plate A","Day 3","GID1KO_BioRep 4","2","163","TGCACGT","RPI-43","TACAGC","CGATTGAGGCCGGTAATACGACTCACTATAGGGGTTCAGAGTTCTACAGTCCGACGATCNNNNNNTGCACGTATTTTTTTTTTTTTTTTTTTTTTTTV","S000443"
"Danu_MB_1_C20","Danu_MB_1","C20","MB (1ng/uL)","Plate B","Day 9","GID1KO_BioRep 4","2","164","GGTTATG","RPI-43","TACAGC","CGATTGAGGCCGGTAATACGACTCACTATAGGGGTTCAGAGTTCTACAGTCCGACGATCNNNNNNGGTTATGCTTTTTTTTTTTTTTTTTTTTTTTTV","S000443"
"Danu_MB_1_C21","Danu_MB_1","C21","MB (1ng/uL)","Plate A","Day 3","GID1KO_BioRep 5","2","165","TGACTCA","RPI-43","TACAGC","CGATTGAGGCCGGTAATACGACTCACTATAGGGGTTCAGAGTTCTACAGTCCGACGATCNNNNNNTGACTCAGTTTTTTTTTTTTTTTTTTTTTTTTV","S000443"
"Danu_MB_1_C22","Danu_MB_1","C22","MB (1ng/uL)","Plate B","Day 9","GID1KO_BioRep 5","2","166","GACCATC","RPI-43","TACAGC","CGATTGAGGCCGGTAATACGACTCACTATAGGGGTTCAGAGTTCTACAGTCCGACGATCNNNNNNGACCATCATTTTTTTTTTTTTTTTTTTTTTTTV","S000443"
"Danu_MB_1_C23","Danu_MB_1","C23","empty","N/A","N/A","N/A","N/A","167","TCCTCTT","RPI-43","N/A","CGATTGAGGCCGGTAATACGACTCACTATAGGGGTTCAGAGTTCTACAGTCCGACGATCNNNNNNTCCTCTTCTTTTTTTTTTTTTTTTTTTTTTTTV","S000443"
"Danu_MB_1_C24","Danu_MB_1","C24","empty","N/A","N/A","N/A","N/A","168","ACTGTGA","RPI-43","N/A","CGATTGAGGCCGGTAATACGACTCACTATAGGGGTTCAGAGTTCTACAGTCCGACGATCNNNNNNACTGTGACTTTTTTTTTTTTTTTTTTTTTTTTV","S000443"
"Danu_MB_1_D1","Danu_MB_1","D1","MB (1ng/uL)","Plate A","Day 3","GID2KO_BioRep 1","1","169","ACAACGT","RPI-43","TACAGC","CGATTGAGGCCGGTAATACGACTCACTATAGGGGTTCAGAGTTCTACAGTCCGACGATCNNNNNNACAACGTCTTTTTTTTTTTTTTTTTTTTTTTTV","S000443"
"Danu_MB_1_D2","Danu_MB_1","D2","MB (1ng/uL)","Plate B","Day 9","GID2KO_BioRep 1","1","170","CCATCAA","RPI-43","TACAGC","CGATTGAGGCCGGTAATACGACTCACTATAGGGGTTCAGAGTTCTACAGTCCGACGATCNNNNNNCCATCAAGTTTTTTTTTTTTTTTTTTTTTTTTV","S000443"
"Danu_MB_1_D3","Danu_MB_1","D3","MB (1ng/uL)","Plate A","Day 3","GID2KO_BioRep 2","1","171","ATTGCGT","RPI-43","TACAGC","CGATTGAGGCCGGTAATACGACTCACTATAGGGGTTCAGAGTTCTACAGTCCGACGATCNNNNNNATTGCGTGTTTTTTTTTTTTTTTTTTTTTTTTV","S000443"
"Danu_MB_1_D4","Danu_MB_1","D4","MB (1ng/uL)","Plate B","Day 9","GID2KO_BioRep 2","1","172","CTACGCA","RPI-43","TACAGC","CGATTGAGGCCGGTAATACGACTCACTATAGGGGTTCAGAGTTCTACAGTCCGACGATCNNNNNNCTACGCAATTTTTTTTTTTTTTTTTTTTTTTTV","S000443"
"Danu_MB_1_D5","Danu_MB_1","D5","MB (1ng/uL)","Plate A","Day 3","GID2KO_BioRep 3","1","173","GCTAAGC","RPI-43","TACAGC","CGATTGAGGCCGGTAATACGACTCACTATAGGGGTTCAGAGTTCTACAGTCCGACGATCNNNNNNGCTAAGCTTTTTTTTTTTTTTTTTTTTTTTTTV","S000443"
"Danu_MB_1_D6","Danu_MB_1","D6","MB (1ng/uL)","Plate B","Day 9","GID2KO_BioRep 3","1","174","ATGCCAG","RPI-43","TACAGC","CGATTGAGGCCGGTAATACGACTCACTATAGGGGTTCAGAGTTCTACAGTCCGACGATCNNNNNNATGCCAGTTTTTTTTTTTTTTTTTTTTTTTTTV","S000443"
"Danu_MB_1_D7","Danu_MB_1","D7","MB (1ng/uL)","Plate A","Day 3","GID2KO_BioRep 4","1","175","CATCCAG","RPI-43","TACAGC","CGATTGAGGCCGGTAATACGACTCACTATAGGGGTTCAGAGTTCTACAGTCCGACGATCNNNNNNCATCCAGATTTTTTTTTTTTTTTTTTTTTTTTV","S000443"
"Danu_MB_1_D8","Danu_MB_1","D8","MB (1ng/uL)","Plate B","Day 9","GID2KO_BioRep 4","1","176","GACTACC","RPI-43","TACAGC","CGATTGAGGCCGGTAATACGACTCACTATAGGGGTTCAGAGTTCTACAGTCCGACGATCNNNNNNGACTACCATTTTTTTTTTTTTTTTTTTTTTTTV","S000443"
"Danu_MB_1_D9","Danu_MB_1","D9","MB (1ng/uL)","Plate A","Day 3","GID2KO_BioRep 5","1","177","CAGTGCT","RPI-43","TACAGC","CGATTGAGGCCGGTAATACGACTCACTATAGGGGTTCAGAGTTCTACAGTCCGACGATCNNNNNNCAGTGCTATTTTTTTTTTTTTTTTTTTTTTTTV","S000443"
"Danu_MB_1_D10","Danu_MB_1","D10","MB (1ng/uL)","Plate B","Day 9","GID2KO_BioRep 5","1","178","CGTGAAT","RPI-43","TACAGC","CGATTGAGGCCGGTAATACGACTCACTATAGGGGTTCAGAGTTCTACAGTCCGACGATCNNNNNNCGTGAATCTTTTTTTTTTTTTTTTTTTTTTTTV","S000443"
"Danu_MB_1_D11","Danu_MB_1","D11","empty","N/A","N/A","N/A","N/A","179","GGTAACT","RPI-43","N/A","CGATTGAGGCCGGTAATACGACTCACTATAGGGGTTCAGAGTTCTACAGTCCGACGATCNNNNNNGGTAACTCTTTTTTTTTTTTTTTTTTTTTTTTV","S000443"
"Danu_MB_1_D12","Danu_MB_1","D12","empty","N/A","N/A","N/A","N/A","180","CACTAGC","RPI-43","N/A","CGATTGAGGCCGGTAATACGACTCACTATAGGGGTTCAGAGTTCTACAGTCCGACGATCNNNNNNCACTAGCATTTTTTTTTTTTTTTTTTTTTTTTV","S000443"
"Danu_MB_1_D13","Danu_MB_1","D13","MB (1ng/uL)","Plate A","Day 3","GID7KO_BioRep 2","1","181","GATACTG","RPI-43","TACAGC","CGATTGAGGCCGGTAATACGACTCACTATAGGGGTTCAGAGTTCTACAGTCCGACGATCNNNNNNGATACTGCTTTTTTTTTTTTTTTTTTTTTTTTV","S000443"
"Danu_MB_1_D14","Danu_MB_1","D14","MB (1ng/uL)","Plate B","Day 9","GID7KO_BioRep 2","1","182","GTGCGTT","RPI-43","TACAGC","CGATTGAGGCCGGTAATACGACTCACTATAGGGGTTCAGAGTTCTACAGTCCGACGATCNNNNNNGTGCGTTATTTTTTTTTTTTTTTTTTTTTTTTV","S000443"
"Danu_MB_1_D15","Danu_MB_1","D15","MB (1ng/uL)","Plate A","Day 3","GID7KO_BioRep 3","1","183","GGATGCT","RPI-43","TACAGC","CGATTGAGGCCGGTAATACGACTCACTATAGGGGTTCAGAGTTCTACAGTCCGACGATCNNNNNNGGATGCTTTTTTTTTTTTTTTTTTTTTTTTTTV","S000443"
"Danu_MB_1_D16","Danu_MB_1","D16","MB (1ng/uL)","Plate B","Day 9","GID7KO_BioRep 9","1","184","TCAGGTG","RPI-43","TACAGC","CGATTGAGGCCGGTAATACGACTCACTATAGGGGTTCAGAGTTCTACAGTCCGACGATCNNNNNNTCAGGTGTTTTTTTTTTTTTTTTTTTTTTTTTV","S000443"
"Danu_MB_1_D17","Danu_MB_1","D17","MB (1ng/uL)","Plate A","Day 3","GID7KO_BioRep 4","1","185","TAGCTCA","RPI-43","TACAGC","CGATTGAGGCCGGTAATACGACTCACTATAGGGGTTCAGAGTTCTACAGTCCGACGATCNNNNNNTAGCTCAGTTTTTTTTTTTTTTTTTTTTTTTTV","S000443"
"Danu_MB_1_D18","Danu_MB_1","D18","MB (1ng/uL)","Plate B","Day 9","GID7KO_BioRep 3","1","186","TAGCGAT","RPI-43","TACAGC","CGATTGAGGCCGGTAATACGACTCACTATAGGGGTTCAGAGTTCTACAGTCCGACGATCNNNNNNTAGCGATCTTTTTTTTTTTTTTTTTTTTTTTTV","S000443"
"Danu_MB_1_D19","Danu_MB_1","D19","MB (1ng/uL)","Plate A","Day 3","GID7KO_BioRep 5","1","187","CCTAGTA","RPI-43","TACAGC","CGATTGAGGCCGGTAATACGACTCACTATAGGGGTTCAGAGTTCTACAGTCCGACGATCNNNNNNCCTAGTAGTTTTTTTTTTTTTTTTTTTTTTTTV","S000443"
"Danu_MB_1_D20","Danu_MB_1","D20","MB (1ng/uL)","Plate B","Day 9","GID7KO_BioRep 5","1","188","CAGCTTA","RPI-43","TACAGC","CGATTGAGGCCGGTAATACGACTCACTATAGGGGTTCAGAGTTCTACAGTCCGACGATCNNNNNNCAGCTTAGTTTTTTTTTTTTTTTTTTTTTTTTV","S000443"
"Danu_MB_1_D21","Danu_MB_1","D21","MB (1ng/uL)","Plate A","Day 3","GID7KO_BioRep 6","1","189","AGGTTCC","RPI-43","TACAGC","CGATTGAGGCCGGTAATACGACTCACTATAGGGGTTCAGAGTTCTACAGTCCGACGATCNNNNNNAGGTTCCATTTTTTTTTTTTTTTTTTTTTTTTV","S000443"
"Danu_MB_1_D22","Danu_MB_1","D22","MB (1ng/uL)","Plate B","Day 9","GID7KO_BioRep 6","1","190","TGGCGAT","RPI-43","TACAGC","CGATTGAGGCCGGTAATACGACTCACTATAGGGGTTCAGAGTTCTACAGTCCGACGATCNNNNNNTGGCGATTTTTTTTTTTTTTTTTTTTTTTTTTV","S000443"
"Danu_MB_1_D23","Danu_MB_1","D23","empty","N/A","N/A","N/A","N/A","191","ACCAATC","RPI-43","N/A","CGATTGAGGCCGGTAATACGACTCACTATAGGGGTTCAGAGTTCTACAGTCCGACGATCNNNNNNACCAATCGTTTTTTTTTTTTTTTTTTTTTTTTV","S000443"
"Danu_MB_1_D24","Danu_MB_1","D24","empty","N/A","N/A","N/A","N/A","192","GAAGGAA","RPI-43","N/A","CGATTGAGGCCGGTAATACGACTCACTATAGGGGTTCAGAGTTCTACAGTCCGACGATCNNNNNNGAAGGAAGTTTTTTTTTTTTTTTTTTTTTTTTV","S000443"
"Danu_MB_1_E1","Danu_MB_1","E1","MB (1ng/uL)","Plate A","Day 3","GID2KO_BioRep 1","2","193","TGGTCGA","RPI-43","TACAGC","CGATTGAGGCCGGTAATACGACTCACTATAGGGGTTCAGAGTTCTACAGTCCGACGATCNNNNNNTGGTCGATTTTTTTTTTTTTTTTTTTTTTTTTV","S000443"
"Danu_MB_1_E2","Danu_MB_1","E2","MB (1ng/uL)","Plate B","Day 9","GID2KO_BioRep 1","2","194","TGCGACT","RPI-43","TACAGC","CGATTGAGGCCGGTAATACGACTCACTATAGGGGTTCAGAGTTCTACAGTCCGACGATCNNNNNNTGCGACTATTTTTTTTTTTTTTTTTTTTTTTTV","S000443"
"Danu_MB_1_E3","Danu_MB_1","E3","MB (1ng/uL)","Plate A","Day 3","GID2KO_BioRep 2","2","195","TGACTAC","RPI-43","TACAGC","CGATTGAGGCCGGTAATACGACTCACTATAGGGGTTCAGAGTTCTACAGTCCGACGATCNNNNNNTGACTACGTTTTTTTTTTTTTTTTTTTTTTTTV","S000443"
"Danu_MB_1_E4","Danu_MB_1","E4","MB (1ng/uL)","Plate B","Day 9","GID2KO_BioRep 2","2","196","GGCATGT","RPI-43","TACAGC","CGATTGAGGCCGGTAATACGACTCACTATAGGGGTTCAGAGTTCTACAGTCCGACGATCNNNNNNGGCATGTTTTTTTTTTTTTTTTTTTTTTTTTTV","S000443"
"Danu_MB_1_E5","Danu_MB_1","E5","MB (1ng/uL)","Plate A","Day 3","GID2KO_BioRep 3","2","197","AATCACG","RPI-43","TACAGC","CGATTGAGGCCGGTAATACGACTCACTATAGGGGTTCAGAGTTCTACAGTCCGACGATCNNNNNNAATCACGCTTTTTTTTTTTTTTTTTTTTTTTTV","S000443"
"Danu_MB_1_E6","Danu_MB_1","E6","MB (1ng/uL)","Plate B","Day 9","GID2KO_BioRep 3","2","198","GTACTTG","RPI-43","TACAGC","CGATTGAGGCCGGTAATACGACTCACTATAGGGGTTCAGAGTTCTACAGTCCGACGATCNNNNNNGTACTTGGTTTTTTTTTTTTTTTTTTTTTTTTV","S000443"
"Danu_MB_1_E7","Danu_MB_1","E7","MB (1ng/uL)","Plate A","Day 3","GID2KO_BioRep 4","2","199","TAGGTGC","RPI-43","TACAGC","CGATTGAGGCCGGTAATACGACTCACTATAGGGGTTCAGAGTTCTACAGTCCGACGATCNNNNNNTAGGTGCTTTTTTTTTTTTTTTTTTTTTTTTTV","S000443"
"Danu_MB_1_E8","Danu_MB_1","E8","MB (1ng/uL)","Plate B","Day 9","GID2KO_BioRep 4","2","200","AGCTTGC","RPI-43","TACAGC","CGATTGAGGCCGGTAATACGACTCACTATAGGGGTTCAGAGTTCTACAGTCCGACGATCNNNNNNAGCTTGCATTTTTTTTTTTTTTTTTTTTTTTTV","S000443"
"Danu_MB_1_E9","Danu_MB_1","E9","MB (1ng/uL)","Plate A","Day 3","GID2KO_BioRep 5","2","201","AGTGACT","RPI-43","TACAGC","CGATTGAGGCCGGTAATACGACTCACTATAGGGGTTCAGAGTTCTACAGTCCGACGATCNNNNNNAGTGACTCTTTTTTTTTTTTTTTTTTTTTTTTV","S000443"
"Danu_MB_1_E10","Danu_MB_1","E10","MB (1ng/uL)","Plate B","Day 9","GID2KO_BioRep 5","2","202","TACGAGT","RPI-43","TACAGC","CGATTGAGGCCGGTAATACGACTCACTATAGGGGTTCAGAGTTCTACAGTCCGACGATCNNNNNNTACGAGTCTTTTTTTTTTTTTTTTTTTTTTTTV","S000443"
"Danu_MB_1_E11","Danu_MB_1","E11","empty","N/A","N/A","N/A","N/A","203","GTGCGTA","RPI-43","N/A","CGATTGAGGCCGGTAATACGACTCACTATAGGGGTTCAGAGTTCTACAGTCCGACGATCNNNNNNGTGCGTATTTTTTTTTTTTTTTTTTTTTTTTTV","S000443"
"Danu_MB_1_E12","Danu_MB_1","E12","empty","N/A","N/A","N/A","N/A","204","CGACACA","RPI-43","N/A","CGATTGAGGCCGGTAATACGACTCACTATAGGGGTTCAGAGTTCTACAGTCCGACGATCNNNNNNCGACACATTTTTTTTTTTTTTTTTTTTTTTTTV","S000443"
"Danu_MB_1_E13","Danu_MB_1","E13","MB (1ng/uL)","Plate A","Day 3","GID7KO_BioRep 2","2","205","TCGACTA","RPI-43","TACAGC","CGATTGAGGCCGGTAATACGACTCACTATAGGGGTTCAGAGTTCTACAGTCCGACGATCNNNNNNTCGACTAGTTTTTTTTTTTTTTTTTTTTTTTTV","S000443"
"Danu_MB_1_E14","Danu_MB_1","E14","MB (1ng/uL)","Plate B","Day 9","GID7KO_BioRep 2","2","206","TCACGGT","RPI-43","TACAGC","CGATTGAGGCCGGTAATACGACTCACTATAGGGGTTCAGAGTTCTACAGTCCGACGATCNNNNNNTCACGGTATTTTTTTTTTTTTTTTTTTTTTTTV","S000443"
"Danu_MB_1_E15","Danu_MB_1","E15","MB (1ng/uL)","Plate A","Day 3","GID7KO_BioRep 3","2","207","ATGGTGC","RPI-43","TACAGC","CGATTGAGGCCGGTAATACGACTCACTATAGGGGTTCAGAGTTCTACAGTCCGACGATCNNNNNNATGGTGCTTTTTTTTTTTTTTTTTTTTTTTTTV","S000443"
"Danu_MB_1_E16","Danu_MB_1","E16","MB (1ng/uL)","Plate B","Day 9","GID7KO_BioRep 9","2","208","GTACTGT","RPI-43","TACAGC","CGATTGAGGCCGGTAATACGACTCACTATAGGGGTTCAGAGTTCTACAGTCCGACGATCNNNNNNGTACTGTGTTTTTTTTTTTTTTTTTTTTTTTTV","S000443"
"Danu_MB_1_E17","Danu_MB_1","E17","MB (1ng/uL)","Plate A","Day 3","GID7KO_BioRep 4","2","209","CGATTGT","RPI-43","TACAGC","CGATTGAGGCCGGTAATACGACTCACTATAGGGGTTCAGAGTTCTACAGTCCGACGATCNNNNNNCGATTGTGTTTTTTTTTTTTTTTTTTTTTTTTV","S000443"
"Danu_MB_1_E18","Danu_MB_1","E18","MB (1ng/uL)","Plate B","Day 9","GID7KO_BioRep 3","2","210","CACAAGT","RPI-43","TACAGC","CGATTGAGGCCGGTAATACGACTCACTATAGGGGTTCAGAGTTCTACAGTCCGACGATCNNNNNNCACAAGTCTTTTTTTTTTTTTTTTTTTTTTTTV","S000443"
"Danu_MB_1_E19","Danu_MB_1","E19","MB (1ng/uL)","Plate A","Day 3","GID7KO_BioRep 5","2","211","CAACTGA","RPI-43","TACAGC","CGATTGAGGCCGGTAATACGACTCACTATAGGGGTTCAGAGTTCTACAGTCCGACGATCNNNNNNCAACTGACTTTTTTTTTTTTTTTTTTTTTTTTV","S000443"
"Danu_MB_1_E20","Danu_MB_1","E20","MB (1ng/uL)","Plate B","Day 9","GID7KO_BioRep 5","2","212","TCGTTGG","RPI-43","TACAGC","CGATTGAGGCCGGTAATACGACTCACTATAGGGGTTCAGAGTTCTACAGTCCGACGATCNNNNNNTCGTTGGATTTTTTTTTTTTTTTTTTTTTTTTV","S000443"
"Danu_MB_1_E21","Danu_MB_1","E21","MB (1ng/uL)","Plate A","Day 3","GID7KO_BioRep 6","2","213","TGAGTTG","RPI-43","TACAGC","CGATTGAGGCCGGTAATACGACTCACTATAGGGGTTCAGAGTTCTACAGTCCGACGATCNNNNNNTGAGTTGCTTTTTTTTTTTTTTTTTTTTTTTTV","S000443"
"Danu_MB_1_E22","Danu_MB_1","E22","MB (1ng/uL)","Plate B","Day 9","GID7KO_BioRep 6","2","214","TCTCGGA","RPI-43","TACAGC","CGATTGAGGCCGGTAATACGACTCACTATAGGGGTTCAGAGTTCTACAGTCCGACGATCNNNNNNTCTCGGAATTTTTTTTTTTTTTTTTTTTTTTTV","S000443"
"Danu_MB_1_E23","Danu_MB_1","E23","empty","N/A","N/A","N/A","N/A","215","CGACTAC","RPI-43","N/A","CGATTGAGGCCGGTAATACGACTCACTATAGGGGTTCAGAGTTCTACAGTCCGACGATCNNNNNNCGACTACATTTTTTTTTTTTTTTTTTTTTTTTV","S000443"
"Danu_MB_1_E24","Danu_MB_1","E24","empty","N/A","N/A","N/A","N/A","216","ATCCGTA","RPI-43","N/A","CGATTGAGGCCGGTAATACGACTCACTATAGGGGTTCAGAGTTCTACAGTCCGACGATCNNNNNNATCCGTAGTTTTTTTTTTTTTTTTTTTTTTTTV","S000443"
"Danu_MB_1_F1","Danu_MB_1","F1","MB (1ng/uL)","Plate A","Day 3","GID8KO_BioRep 2","1","217","ATTCGCA","RPI-43","TACAGC","CGATTGAGGCCGGTAATACGACTCACTATAGGGGTTCAGAGTTCTACAGTCCGACGATCNNNNNNATTCGCAGTTTTTTTTTTTTTTTTTTTTTTTTV","S000443"
"Danu_MB_1_F2","Danu_MB_1","F2","MB (1ng/uL)","Plate B","Day 9","GID8KO_BioRep 2","1","218","TAACCGT","RPI-43","TACAGC","CGATTGAGGCCGGTAATACGACTCACTATAGGGGTTCAGAGTTCTACAGTCCGACGATCNNNNNNTAACCGTGTTTTTTTTTTTTTTTTTTTTTTTTV","S000443"
"Danu_MB_1_F3","Danu_MB_1","F3","MB (1ng/uL)","Plate A","Day 3","GID8KO_BioRep 3","1","219","AGGAGGA","RPI-43","TACAGC","CGATTGAGGCCGGTAATACGACTCACTATAGGGGTTCAGAGTTCTACAGTCCGACGATCNNNNNNAGGAGGAATTTTTTTTTTTTTTTTTTTTTTTTV","S000443"
"Danu_MB_1_F4","Danu_MB_1","F4","MB (1ng/uL)","Plate B","Day 9","GID8KO_BioRep 9","1","220","GTCGCTA","RPI-43","TACAGC","CGATTGAGGCCGGTAATACGACTCACTATAGGGGTTCAGAGTTCTACAGTCCGACGATCNNNNNNGTCGCTAATTTTTTTTTTTTTTTTTTTTTTTTV","S000443"
"Danu_MB_1_F5","Danu_MB_1","F5","MB (1ng/uL)","Plate A","Day 3","GID8KO_BioRep 4","1","221","ATAGGCT","RPI-43","TACAGC","CGATTGAGGCCGGTAATACGACTCACTATAGGGGTTCAGAGTTCTACAGTCCGACGATCNNNNNNATAGGCTCTTTTTTTTTTTTTTTTTTTTTTTTV","S000443"
"Danu_MB_1_F6","Danu_MB_1","F6","MB (1ng/uL)","Plate B","Day 9","GID8KO_BioRep 3","1","222","GAGAGGA","RPI-43","TACAGC","CGATTGAGGCCGGTAATACGACTCACTATAGGGGTTCAGAGTTCTACAGTCCGACGATCNNNNNNGAGAGGAATTTTTTTTTTTTTTTTTTTTTTTTV","S000443"
"Danu_MB_1_F7","Danu_MB_1","F7","MB (1ng/uL)","Plate A","Day 3","GID8KO_BioRep 5","1","223","ACACAGC","RPI-43","TACAGC","CGATTGAGGCCGGTAATACGACTCACTATAGGGGTTCAGAGTTCTACAGTCCGACGATCNNNNNNACACAGCTTTTTTTTTTTTTTTTTTTTTTTTTV","S000443"
"Danu_MB_1_F8","Danu_MB_1","F8","MB (1ng/uL)","Plate B","Day 9","GID8KO_BioRep 5","1","224","CGACGTA","RPI-43","TACAGC","CGATTGAGGCCGGTAATACGACTCACTATAGGGGTTCAGAGTTCTACAGTCCGACGATCNNNNNNCGACGTATTTTTTTTTTTTTTTTTTTTTTTTTV","S000443"
"Danu_MB_1_F9","Danu_MB_1","F9","MB (1ng/uL)","Plate A","Day 3","GID8KO_BioRep 6","1","225","ACATGCC","RPI-43","TACAGC","CGATTGAGGCCGGTAATACGACTCACTATAGGGGTTCAGAGTTCTACAGTCCGACGATCNNNNNNACATGCCATTTTTTTTTTTTTTTTTTTTTTTTV","S000443"
"Danu_MB_1_F10","Danu_MB_1","F10","MB (1ng/uL)","Plate B","Day 9","GID8KO_BioRep 6","1","226","GTTCCAA","RPI-43","TACAGC","CGATTGAGGCCGGTAATACGACTCACTATAGGGGTTCAGAGTTCTACAGTCCGACGATCNNNNNNGTTCCAAGTTTTTTTTTTTTTTTTTTTTTTTTV","S000443"
"Danu_MB_1_F11","Danu_MB_1","F11","empty","N/A","N/A","N/A","N/A","227","GCGTGAT","RPI-43","N/A","CGATTGAGGCCGGTAATACGACTCACTATAGGGGTTCAGAGTTCTACAGTCCGACGATCNNNNNNGCGTGATTTTTTTTTTTTTTTTTTTTTTTTTTV","S000443"
"Danu_MB_1_F12","Danu_MB_1","F12","empty","N/A","N/A","N/A","N/A","228","TGATGCT","RPI-43","N/A","CGATTGAGGCCGGTAATACGACTCACTATAGGGGTTCAGAGTTCTACAGTCCGACGATCNNNNNNTGATGCTGTTTTTTTTTTTTTTTTTTTTTTTTV","S000443"
"Danu_MB_1_F13","Danu_MB_1","F13","MB (1ng/uL)","Plate A","Day 3","GID9KO_BioRep 3","1","229","TACCGAT","RPI-43","TACAGC","CGATTGAGGCCGGTAATACGACTCACTATAGGGGTTCAGAGTTCTACAGTCCGACGATCNNNNNNTACCGATGTTTTTTTTTTTTTTTTTTTTTTTTV","S000443"
"Danu_MB_1_F14","Danu_MB_1","F14","MB (1ng/uL)","Plate B","Day 9","GID9KO_BioRep 9","1","230","TACAGGC","RPI-43","TACAGC","CGATTGAGGCCGGTAATACGACTCACTATAGGGGTTCAGAGTTCTACAGTCCGACGATCNNNNNNTACAGGCTTTTTTTTTTTTTTTTTTTTTTTTTV","S000443"
"Danu_MB_1_F15","Danu_MB_1","F15","MB (1ng/uL)","Plate A","Day 3","GID9KO_BioRep 4","1","231","AGCTTAC","RPI-43","TACAGC","CGATTGAGGCCGGTAATACGACTCACTATAGGGGTTCAGAGTTCTACAGTCCGACGATCNNNNNNAGCTTACGTTTTTTTTTTTTTTTTTTTTTTTTV","S000443"
"Danu_MB_1_F16","Danu_MB_1","F16","MB (1ng/uL)","Plate B","Day 9","GID9KO_BioRep 4","1","232","GAGTTCC","RPI-43","TACAGC","CGATTGAGGCCGGTAATACGACTCACTATAGGGGTTCAGAGTTCTACAGTCCGACGATCNNNNNNGAGTTCCATTTTTTTTTTTTTTTTTTTTTTTTV","S000443"
"Danu_MB_1_F17","Danu_MB_1","F17","MB (1ng/uL)","Plate A","Day 3","GID9KO_BioRep 5","1","233","GCTGCAT","RPI-43","TACAGC","CGATTGAGGCCGGTAATACGACTCACTATAGGGGTTCAGAGTTCTACAGTCCGACGATCNNNNNNGCTGCATATTTTTTTTTTTTTTTTTTTTTTTTV","S000443"
"Danu_MB_1_F18","Danu_MB_1","F18","MB (1ng/uL)","Plate B","Day 9","GID9KO_BioRep 3","1","234","TACCACG","RPI-43","TACAGC","CGATTGAGGCCGGTAATACGACTCACTATAGGGGTTCAGAGTTCTACAGTCCGACGATCNNNNNNTACCACGATTTTTTTTTTTTTTTTTTTTTTTTV","S000443"
"Danu_MB_1_F19","Danu_MB_1","F19","MB (1ng/uL)","Plate A","Day 3","GID9KO_BioRep 6","1","235","ACACACG","RPI-43","TACAGC","CGATTGAGGCCGGTAATACGACTCACTATAGGGGTTCAGAGTTCTACAGTCCGACGATCNNNNNNACACACGTTTTTTTTTTTTTTTTTTTTTTTTTV","S000443"
"Danu_MB_1_F20","Danu_MB_1","F20","MB (1ng/uL)","Plate B","Day 9","GID9KO_BioRep 6","1","236","CTGCAAC","RPI-43","TACAGC","CGATTGAGGCCGGTAATACGACTCACTATAGGGGTTCAGAGTTCTACAGTCCGACGATCNNNNNNCTGCAACATTTTTTTTTTTTTTTTTTTTTTTTV","S000443"
"Danu_MB_1_F21","Danu_MB_1","F21","MB (1ng/uL)","Plate A","Day 3","GID9KO_BioRep 7","1","237","GTAGACC","RPI-43","TACAGC","CGATTGAGGCCGGTAATACGACTCACTATAGGGGTTCAGAGTTCTACAGTCCGACGATCNNNNNNGTAGACCTTTTTTTTTTTTTTTTTTTTTTTTTV","S000443"
"Danu_MB_1_F22","Danu_MB_1","F22","MB (1ng/uL)","Plate B","Day 9","GID9KO_BioRep 7","1","238","TGCCAGT","RPI-43","TACAGC","CGATTGAGGCCGGTAATACGACTCACTATAGGGGTTCAGAGTTCTACAGTCCGACGATCNNNNNNTGCCAGTATTTTTTTTTTTTTTTTTTTTTTTTV","S000443"
"Danu_MB_1_F23","Danu_MB_1","F23","empty","N/A","N/A","N/A","N/A","239","AGCGTTA","RPI-43","N/A","CGATTGAGGCCGGTAATACGACTCACTATAGGGGTTCAGAGTTCTACAGTCCGACGATCNNNNNNAGCGTTACTTTTTTTTTTTTTTTTTTTTTTTTV","S000443"
"Danu_MB_1_F24","Danu_MB_1","F24","empty","N/A","N/A","N/A","N/A","240","GTAGTCC","RPI-43","N/A","CGATTGAGGCCGGTAATACGACTCACTATAGGGGTTCAGAGTTCTACAGTCCGACGATCNNNNNNGTAGTCCATTTTTTTTTTTTTTTTTTTTTTTTV","S000443"
"Danu_MB_1_G1","Danu_MB_1","G1","MB (1ng/uL)","Plate A","Day 3","GID8KO_BioRep 2","2","241","GGCTAAT","RPI-43","TACAGC","CGATTGAGGCCGGTAATACGACTCACTATAGGGGTTCAGAGTTCTACAGTCCGACGATCNNNNNNGGCTAATCTTTTTTTTTTTTTTTTTTTTTTTTV","S000443"
"Danu_MB_1_G2","Danu_MB_1","G2","MB (1ng/uL)","Plate B","Day 9","GID8KO_BioRep 2","2","242","CACGAGT","RPI-43","TACAGC","CGATTGAGGCCGGTAATACGACTCACTATAGGGGTTCAGAGTTCTACAGTCCGACGATCNNNNNNCACGAGTTTTTTTTTTTTTTTTTTTTTTTTTTV","S000443"
"Danu_MB_1_G3","Danu_MB_1","G3","MB (1ng/uL)","Plate A","Day 3","GID8KO_BioRep 3","2","243","CGAACTG","RPI-43","TACAGC","CGATTGAGGCCGGTAATACGACTCACTATAGGGGTTCAGAGTTCTACAGTCCGACGATCNNNNNNCGAACTGTTTTTTTTTTTTTTTTTTTTTTTTTV","S000443"
"Danu_MB_1_G4","Danu_MB_1","G4","MB (1ng/uL)","Plate B","Day 9","GID8KO_BioRep 9","2","244","GATTCGC","RPI-43","TACAGC","CGATTGAGGCCGGTAATACGACTCACTATAGGGGTTCAGAGTTCTACAGTCCGACGATCNNNNNNGATTCGCATTTTTTTTTTTTTTTTTTTTTTTTV","S000443"
"Danu_MB_1_G5","Danu_MB_1","G5","MB (1ng/uL)","Plate A","Day 3","GID8KO_BioRep 4","2","245","ACCGTTA","RPI-43","TACAGC","CGATTGAGGCCGGTAATACGACTCACTATAGGGGTTCAGAGTTCTACAGTCCGACGATCNNNNNNACCGTTAGTTTTTTTTTTTTTTTTTTTTTTTTV","S000443"
"Danu_MB_1_G6","Danu_MB_1","G6","MB (1ng/uL)","Plate B","Day 9","GID8KO_BioRep 3","2","246","CCGATAG","RPI-43","TACAGC","CGATTGAGGCCGGTAATACGACTCACTATAGGGGTTCAGAGTTCTACAGTCCGACGATCNNNNNNCCGATAGTTTTTTTTTTTTTTTTTTTTTTTTTV","S000443"
"Danu_MB_1_G7","Danu_MB_1","G7","MB (1ng/uL)","Plate A","Day 3","GID8KO_BioRep 5","2","247","GAATCGT","RPI-43","TACAGC","CGATTGAGGCCGGTAATACGACTCACTATAGGGGTTCAGAGTTCTACAGTCCGACGATCNNNNNNGAATCGTCTTTTTTTTTTTTTTTTTTTTTTTTV","S000443"
"Danu_MB_1_G8","Danu_MB_1","G8","MB (1ng/uL)","Plate B","Day 9","GID8KO_BioRep 5","2","248","GTAGGTC","RPI-43","TACAGC","CGATTGAGGCCGGTAATACGACTCACTATAGGGGTTCAGAGTTCTACAGTCCGACGATCNNNNNNGTAGGTCTTTTTTTTTTTTTTTTTTTTTTTTTV","S000443"
"Danu_MB_1_G9","Danu_MB_1","G9","MB (1ng/uL)","Plate A","Day 3","GID8KO_BioRep 6","2","249","GATTCGG","RPI-43","TACAGC","CGATTGAGGCCGGTAATACGACTCACTATAGGGGTTCAGAGTTCTACAGTCCGACGATCNNNNNNGATTCGGTTTTTTTTTTTTTTTTTTTTTTTTTV","S000443"
"Danu_MB_1_G10","Danu_MB_1","G10","MB (1ng/uL)","Plate B","Day 9","GID8KO_BioRep 6","2","250","TGGCATC","RPI-43","TACAGC","CGATTGAGGCCGGTAATACGACTCACTATAGGGGTTCAGAGTTCTACAGTCCGACGATCNNNNNNTGGCATCATTTTTTTTTTTTTTTTTTTTTTTTV","S000443"
"Danu_MB_1_G11","Danu_MB_1","G11","empty","N/A","N/A","N/A","N/A","251","GTTGTGA","RPI-43","N/A","CGATTGAGGCCGGTAATACGACTCACTATAGGGGTTCAGAGTTCTACAGTCCGACGATCNNNNNNGTTGTGACTTTTTTTTTTTTTTTTTTTTTTTTV","S000443"
"Danu_MB_1_G12","Danu_MB_1","G12","empty","N/A","N/A","N/A","N/A","252","GTGTAGC","RPI-43","N/A","CGATTGAGGCCGGTAATACGACTCACTATAGGGGTTCAGAGTTCTACAGTCCGACGATCNNNNNNGTGTAGCTTTTTTTTTTTTTTTTTTTTTTTTTV","S000443"
"Danu_MB_1_G13","Danu_MB_1","G13","MB (1ng/uL)","Plate A","Day 3","GID9KO_BioRep 3","2","253","GGTCAAT","RPI-43","TACAGC","CGATTGAGGCCGGTAATACGACTCACTATAGGGGTTCAGAGTTCTACAGTCCGACGATCNNNNNNGGTCAATCTTTTTTTTTTTTTTTTTTTTTTTTV","S000443"
"Danu_MB_1_G14","Danu_MB_1","G14","MB (1ng/uL)","Plate B","Day 9","GID9KO_BioRep 9","2","254","TGTCGAT","RPI-43","TACAGC","CGATTGAGGCCGGTAATACGACTCACTATAGGGGTTCAGAGTTCTACAGTCCGACGATCNNNNNNTGTCGATGTTTTTTTTTTTTTTTTTTTTTTTTV","S000443"
"Danu_MB_1_G15","Danu_MB_1","G15","MB (1ng/uL)","Plate A","Day 3","GID9KO_BioRep 4","2","255","CCAACTA","RPI-43","TACAGC","CGATTGAGGCCGGTAATACGACTCACTATAGGGGTTCAGAGTTCTACAGTCCGACGATCNNNNNNCCAACTAGTTTTTTTTTTTTTTTTTTTTTTTTV","S000443"
"Danu_MB_1_G16","Danu_MB_1","G16","MB (1ng/uL)","Plate B","Day 9","GID9KO_BioRep 4","2","256","AATCCGC","RPI-43","TACAGC","CGATTGAGGCCGGTAATACGACTCACTATAGGGGTTCAGAGTTCTACAGTCCGACGATCNNNNNNAATCCGCATTTTTTTTTTTTTTTTTTTTTTTTV","S000443"
"Danu_MB_1_G17","Danu_MB_1","G17","MB (1ng/uL)","Plate A","Day 3","GID9KO_BioRep 5","2","257","GCTACAA","RPI-43","TACAGC","CGATTGAGGCCGGTAATACGACTCACTATAGGGGTTCAGAGTTCTACAGTCCGACGATCNNNNNNGCTACAACTTTTTTTTTTTTTTTTTTTTTTTTV","S000443"
"Danu_MB_1_G18","Danu_MB_1","G18","MB (1ng/uL)","Plate B","Day 9","GID9KO_BioRep 3","2","258","CGATTCA","RPI-43","TACAGC","CGATTGAGGCCGGTAATACGACTCACTATAGGGGTTCAGAGTTCTACAGTCCGACGATCNNNNNNCGATTCAGTTTTTTTTTTTTTTTTTTTTTTTTV","S000443"
"Danu_MB_1_G19","Danu_MB_1","G19","MB (1ng/uL)","Plate A","Day 3","GID9KO_BioRep 6","2","259","GTACGAC","RPI-43","TACAGC","CGATTGAGGCCGGTAATACGACTCACTATAGGGGTTCAGAGTTCTACAGTCCGACGATCNNNNNNGTACGACTTTTTTTTTTTTTTTTTTTTTTTTTV","S000443"
"Danu_MB_1_G20","Danu_MB_1","G20","MB (1ng/uL)","Plate B","Day 9","GID9KO_BioRep 6","2","260","CGACATA","RPI-43","TACAGC","CGATTGAGGCCGGTAATACGACTCACTATAGGGGTTCAGAGTTCTACAGTCCGACGATCNNNNNNCGACATACTTTTTTTTTTTTTTTTTTTTTTTTV","S000443"
"Danu_MB_1_G21","Danu_MB_1","G21","MB (1ng/uL)","Plate A","Day 3","GID9KO_BioRep 7","2","261","ATAGCGT","RPI-43","TACAGC","CGATTGAGGCCGGTAATACGACTCACTATAGGGGTTCAGAGTTCTACAGTCCGACGATCNNNNNNATAGCGTCTTTTTTTTTTTTTTTTTTTTTTTTV","S000443"
"Danu_MB_1_G22","Danu_MB_1","G22","MB (1ng/uL)","Plate B","Day 9","GID9KO_BioRep 7","2","262","AACCAGT","RPI-43","TACAGC","CGATTGAGGCCGGTAATACGACTCACTATAGGGGTTCAGAGTTCTACAGTCCGACGATCNNNNNNAACCAGTCTTTTTTTTTTTTTTTTTTTTTTTTV","S000443"
"Danu_MB_1_G23","Danu_MB_1","G23","empty","N/A","N/A","N/A","N/A","263","GGCTTAA","RPI-43","N/A","CGATTGAGGCCGGTAATACGACTCACTATAGGGGTTCAGAGTTCTACAGTCCGACGATCNNNNNNGGCTTAACTTTTTTTTTTTTTTTTTTTTTTTTV","S000443"
"Danu_MB_1_G24","Danu_MB_1","G24","empty","N/A","N/A","N/A","N/A","264","ACAGCTA","RPI-43","N/A","CGATTGAGGCCGGTAATACGACTCACTATAGGGGTTCAGAGTTCTACAGTCCGACGATCNNNNNNACAGCTACTTTTTTTTTTTTTTTTTTTTTTTTV","S000443"
"Danu_MB_1_H1","Danu_MB_1","H1","empty","N/A","N/A","N/A","N/A","265","TGCACTG","RPI-43","N/A","CGATTGAGGCCGGTAATACGACTCACTATAGGGGTTCAGAGTTCTACAGTCCGACGATCNNNNNNTGCACTGATTTTTTTTTTTTTTTTTTTTTTTTV","S000443"
"Danu_MB_1_H2","Danu_MB_1","H2","empty","N/A","N/A","N/A","N/A","266","GTTGCGA","RPI-43","N/A","CGATTGAGGCCGGTAATACGACTCACTATAGGGGTTCAGAGTTCTACAGTCCGACGATCNNNNNNGTTGCGATTTTTTTTTTTTTTTTTTTTTTTTTV","S000443"
"Danu_MB_1_H3","Danu_MB_1","H3","empty","N/A","N/A","N/A","N/A","267","CGAATCG","RPI-43","N/A","CGATTGAGGCCGGTAATACGACTCACTATAGGGGTTCAGAGTTCTACAGTCCGACGATCNNNNNNCGAATCGTTTTTTTTTTTTTTTTTTTTTTTTTV","S000443"
"Danu_MB_1_H4","Danu_MB_1","H4","empty","N/A","N/A","N/A","N/A","268","GTGCATG","RPI-43","N/A","CGATTGAGGCCGGTAATACGACTCACTATAGGGGTTCAGAGTTCTACAGTCCGACGATCNNNNNNGTGCATGTTTTTTTTTTTTTTTTTTTTTTTTTV","S000443"
"Danu_MB_1_H5","Danu_MB_1","H5","empty","N/A","N/A","N/A","N/A","269","AGTTGCT","RPI-43","N/A","CGATTGAGGCCGGTAATACGACTCACTATAGGGGTTCAGAGTTCTACAGTCCGACGATCNNNNNNAGTTGCTGTTTTTTTTTTTTTTTTTTTTTTTTV","S000443"
"Danu_MB_1_H6","Danu_MB_1","H6","empty","N/A","N/A","N/A","N/A","270","GTAACGC","RPI-43","N/A","CGATTGAGGCCGGTAATACGACTCACTATAGGGGTTCAGAGTTCTACAGTCCGACGATCNNNNNNGTAACGCTTTTTTTTTTTTTTTTTTTTTTTTTV","S000443"
"Danu_MB_1_H7","Danu_MB_1","H7","empty","N/A","N/A","N/A","N/A","271","CGAACAC","RPI-43","N/A","CGATTGAGGCCGGTAATACGACTCACTATAGGGGTTCAGAGTTCTACAGTCCGACGATCNNNNNNCGAACACTTTTTTTTTTTTTTTTTTTTTTTTTV","S000443"
"Danu_MB_1_H8","Danu_MB_1","H8","empty","N/A","N/A","N/A","N/A","272","GGAACTC","RPI-43","N/A","CGATTGAGGCCGGTAATACGACTCACTATAGGGGTTCAGAGTTCTACAGTCCGACGATCNNNNNNGGAACTCTTTTTTTTTTTTTTTTTTTTTTTTTV","S000443"
"Danu_MB_1_H9","Danu_MB_1","H9","empty","N/A","N/A","N/A","N/A","273","AGTCGTA","RPI-43","N/A","CGATTGAGGCCGGTAATACGACTCACTATAGGGGTTCAGAGTTCTACAGTCCGACGATCNNNNNNAGTCGTACTTTTTTTTTTTTTTTTTTTTTTTTV","S000443"
"Danu_MB_1_H10","Danu_MB_1","H10","empty","N/A","N/A","N/A","N/A","274","ACGGTTA","RPI-43","N/A","CGATTGAGGCCGGTAATACGACTCACTATAGGGGTTCAGAGTTCTACAGTCCGACGATCNNNNNNACGGTTACTTTTTTTTTTTTTTTTTTTTTTTTV","S000443"
"Danu_MB_1_H11","Danu_MB_1","H11","empty","N/A","N/A","N/A","N/A","275","ATTGGCA","RPI-43","N/A","CGATTGAGGCCGGTAATACGACTCACTATAGGGGTTCAGAGTTCTACAGTCCGACGATCNNNNNNATTGGCACTTTTTTTTTTTTTTTTTTTTTTTTV","S000443"
"Danu_MB_1_H12","Danu_MB_1","H12","empty","N/A","N/A","N/A","N/A","276","CAGTCCA","RPI-43","N/A","CGATTGAGGCCGGTAATACGACTCACTATAGGGGTTCAGAGTTCTACAGTCCGACGATCNNNNNNCAGTCCAATTTTTTTTTTTTTTTTTTTTTTTTV","S000443"
"Danu_MB_1_H13","Danu_MB_1","H13","empty","N/A","N/A","N/A","N/A","277","TCCTTCT","RPI-43","N/A","CGATTGAGGCCGGTAATACGACTCACTATAGGGGTTCAGAGTTCTACAGTCCGACGATCNNNNNNTCCTTCTCTTTTTTTTTTTTTTTTTTTTTTTTV","S000443"
"Danu_MB_1_H14","Danu_MB_1","H14","empty","N/A","N/A","N/A","N/A","278","TAGTCAG","RPI-43","N/A","CGATTGAGGCCGGTAATACGACTCACTATAGGGGTTCAGAGTTCTACAGTCCGACGATCNNNNNNTAGTCAGCTTTTTTTTTTTTTTTTTTTTTTTTV","S000443"
"Danu_MB_1_H15","Danu_MB_1","H15","empty","N/A","N/A","N/A","N/A","279","ACGACAT","RPI-43","N/A","CGATTGAGGCCGGTAATACGACTCACTATAGGGGTTCAGAGTTCTACAGTCCGACGATCNNNNNNACGACATCTTTTTTTTTTTTTTTTTTTTTTTTV","S000443"
"Danu_MB_1_H16","Danu_MB_1","H16","empty","N/A","N/A","N/A","N/A","280","GTTGTCA","RPI-43","N/A","CGATTGAGGCCGGTAATACGACTCACTATAGGGGTTCAGAGTTCTACAGTCCGACGATCNNNNNNGTTGTCAGTTTTTTTTTTTTTTTTTTTTTTTTV","S000443"
"Danu_MB_1_H17","Danu_MB_1","H17","empty","N/A","N/A","N/A","N/A","281","CATGGTT","RPI-43","N/A","CGATTGAGGCCGGTAATACGACTCACTATAGGGGTTCAGAGTTCTACAGTCCGACGATCNNNNNNCATGGTTGTTTTTTTTTTTTTTTTTTTTTTTTV","S000443"
"Danu_MB_1_H18","Danu_MB_1","H18","empty","N/A","N/A","N/A","N/A","282","GCGTTGT","RPI-43","N/A","CGATTGAGGCCGGTAATACGACTCACTATAGGGGTTCAGAGTTCTACAGTCCGACGATCNNNNNNGCGTTGTATTTTTTTTTTTTTTTTTTTTTTTTV","S000443"
"Danu_MB_1_H19","Danu_MB_1","H19","empty","N/A","N/A","N/A","N/A","283","GGAGTCT","RPI-43","N/A","CGATTGAGGCCGGTAATACGACTCACTATAGGGGTTCAGAGTTCTACAGTCCGACGATCNNNNNNGGAGTCTTTTTTTTTTTTTTTTTTTTTTTTTTV","S000443"
"Danu_MB_1_H20","Danu_MB_1","H20","empty","N/A","N/A","N/A","N/A","284","AACGCTG","RPI-43","N/A","CGATTGAGGCCGGTAATACGACTCACTATAGGGGTTCAGAGTTCTACAGTCCGACGATCNNNNNNAACGCTGTTTTTTTTTTTTTTTTTTTTTTTTTV","S000443"
"Danu_MB_1_H21","Danu_MB_1","H21","empty","N/A","N/A","N/A","N/A","285","ACGAACT","RPI-43","N/A","CGATTGAGGCCGGTAATACGACTCACTATAGGGGTTCAGAGTTCTACAGTCCGACGATCNNNNNNACGAACTCTTTTTTTTTTTTTTTTTTTTTTTTV","S000443"
"Danu_MB_1_H22","Danu_MB_1","H22","empty","N/A","N/A","N/A","N/A","286","CCTTCTT","RPI-43","N/A","CGATTGAGGCCGGTAATACGACTCACTATAGGGGTTCAGAGTTCTACAGTCCGACGATCNNNNNNCCTTCTTCTTTTTTTTTTTTTTTTTTTTTTTTV","S000443"
"Danu_MB_1_H23","Danu_MB_1","H23","empty","N/A","N/A","N/A","N/A","287","CATACGT","RPI-43","N/A","CGATTGAGGCCGGTAATACGACTCACTATAGGGGTTCAGAGTTCTACAGTCCGACGATCNNNNNNCATACGTGTTTTTTTTTTTTTTTTTTTTTTTTV","S000443"
"Danu_MB_1_H24","Danu_MB_1","H24","empty","N/A","N/A","N/A","N/A","288","ACATTGG","RPI-43","N/A","CGATTGAGGCCGGTAATACGACTCACTATAGGGGTTCAGAGTTCTACAGTCCGACGATCNNNNNNACATTGGCTTTTTTTTTTTTTTTTTTTTTTTTV","S000443"
"Danu_MB_1_I1","Danu_MB_1","I1","empty","N/A","N/A","N/A","N/A","289","ATTGGCG","RPI-43","N/A","CGATTGAGGCCGGTAATACGACTCACTATAGGGGTTCAGAGTTCTACAGTCCGACGATCNNNNNNATTGGCGTTTTTTTTTTTTTTTTTTTTTTTTTV","S000443"
"Danu_MB_1_I2","Danu_MB_1","I2","empty","N/A","N/A","N/A","N/A","290","CACAATC","RPI-43","N/A","CGATTGAGGCCGGTAATACGACTCACTATAGGGGTTCAGAGTTCTACAGTCCGACGATCNNNNNNCACAATCGTTTTTTTTTTTTTTTTTTTTTTTTV","S000443"
"Danu_MB_1_I3","Danu_MB_1","I3","empty","N/A","N/A","N/A","N/A","291","CTAGACC","RPI-43","N/A","CGATTGAGGCCGGTAATACGACTCACTATAGGGGTTCAGAGTTCTACAGTCCGACGATCNNNNNNCTAGACCATTTTTTTTTTTTTTTTTTTTTTTTV","S000443"
"Danu_MB_1_I4","Danu_MB_1","I4","empty","N/A","N/A","N/A","N/A","292","TACGGAT","RPI-43","N/A","CGATTGAGGCCGGTAATACGACTCACTATAGGGGTTCAGAGTTCTACAGTCCGACGATCNNNNNNTACGGATCTTTTTTTTTTTTTTTTTTTTTTTTV","S000443"
"Danu_MB_1_I5","Danu_MB_1","I5","empty","N/A","N/A","N/A","N/A","293","AGCAACT","RPI-43","N/A","CGATTGAGGCCGGTAATACGACTCACTATAGGGGTTCAGAGTTCTACAGTCCGACGATCNNNNNNAGCAACTCTTTTTTTTTTTTTTTTTTTTTTTTV","S000443"
"Danu_MB_1_I6","Danu_MB_1","I6","empty","N/A","N/A","N/A","N/A","294","AAGTCGC","RPI-43","N/A","CGATTGAGGCCGGTAATACGACTCACTATAGGGGTTCAGAGTTCTACAGTCCGACGATCNNNNNNAAGTCGCTTTTTTTTTTTTTTTTTTTTTTTTTV","S000443"
"Danu_MB_1_I7","Danu_MB_1","I7","empty","N/A","N/A","N/A","N/A","295","ACAGCAC","RPI-43","N/A","CGATTGAGGCCGGTAATACGACTCACTATAGGGGTTCAGAGTTCTACAGTCCGACGATCNNNNNNACAGCACTTTTTTTTTTTTTTTTTTTTTTTTTV","S000443"
"Danu_MB_1_I8","Danu_MB_1","I8","empty","N/A","N/A","N/A","N/A","296","ATCTACG","RPI-43","N/A","CGATTGAGGCCGGTAATACGACTCACTATAGGGGTTCAGAGTTCTACAGTCCGACGATCNNNNNNATCTACGGTTTTTTTTTTTTTTTTTTTTTTTTV","S000443"
"Danu_MB_1_I9","Danu_MB_1","I9","empty","N/A","N/A","N/A","N/A","297","CTATAGG","RPI-43","N/A","CGATTGAGGCCGGTAATACGACTCACTATAGGGGTTCAGAGTTCTACAGTCCGACGATCNNNNNNCTATAGGCTTTTTTTTTTTTTTTTTTTTTTTTV","S000443"
"Danu_MB_1_I10","Danu_MB_1","I10","empty","N/A","N/A","N/A","N/A","298","AAGCTCC","RPI-43","N/A","CGATTGAGGCCGGTAATACGACTCACTATAGGGGTTCAGAGTTCTACAGTCCGACGATCNNNNNNAAGCTCCATTTTTTTTTTTTTTTTTTTTTTTTV","S000443"
"Danu_MB_1_I11","Danu_MB_1","I11","empty","N/A","N/A","N/A","N/A","299","CAATCCA","RPI-43","N/A","CGATTGAGGCCGGTAATACGACTCACTATAGGGGTTCAGAGTTCTACAGTCCGACGATCNNNNNNCAATCCAGTTTTTTTTTTTTTTTTTTTTTTTTV","S000443"
"Danu_MB_1_I12","Danu_MB_1","I12","empty","N/A","N/A","N/A","N/A","300","ATGCAGC","RPI-43","N/A","CGATTGAGGCCGGTAATACGACTCACTATAGGGGTTCAGAGTTCTACAGTCCGACGATCNNNNNNATGCAGCTTTTTTTTTTTTTTTTTTTTTTTTTV","S000443"
"Danu_MB_1_I13","Danu_MB_1","I13","empty","N/A","N/A","N/A","N/A","301","AACCGTA","RPI-43","N/A","CGATTGAGGCCGGTAATACGACTCACTATAGGGGTTCAGAGTTCTACAGTCCGACGATCNNNNNNAACCGTACTTTTTTTTTTTTTTTTTTTTTTTTV","S000443"
"Danu_MB_1_I14","Danu_MB_1","I14","empty","N/A","N/A","N/A","N/A","302","CTCTCTC","RPI-43","N/A","CGATTGAGGCCGGTAATACGACTCACTATAGGGGTTCAGAGTTCTACAGTCCGACGATCNNNNNNCTCTCTCTTTTTTTTTTTTTTTTTTTTTTTTTV","S000443"
"Danu_MB_1_I15","Danu_MB_1","I15","empty","N/A","N/A","N/A","N/A","303","AGCCTAA","RPI-43","N/A","CGATTGAGGCCGGTAATACGACTCACTATAGGGGTTCAGAGTTCTACAGTCCGACGATCNNNNNNAGCCTAACTTTTTTTTTTTTTTTTTTTTTTTTV","S000443"
"Danu_MB_1_I16","Danu_MB_1","I16","empty","N/A","N/A","N/A","N/A","304","CTAAGCC","RPI-43","N/A","CGATTGAGGCCGGTAATACGACTCACTATAGGGGTTCAGAGTTCTACAGTCCGACGATCNNNNNNCTAAGCCATTTTTTTTTTTTTTTTTTTTTTTTV","S000443"
"Danu_MB_1_I17","Danu_MB_1","I17","empty","N/A","N/A","N/A","N/A","305","AAGGAGG","RPI-43","N/A","CGATTGAGGCCGGTAATACGACTCACTATAGGGGTTCAGAGTTCTACAGTCCGACGATCNNNNNNAAGGAGGATTTTTTTTTTTTTTTTTTTTTTTTV","S000443"
"Danu_MB_1_I18","Danu_MB_1","I18","empty","N/A","N/A","N/A","N/A","306","GCAAGCT","RPI-43","N/A","CGATTGAGGCCGGTAATACGACTCACTATAGGGGTTCAGAGTTCTACAGTCCGACGATCNNNNNNGCAAGCTTTTTTTTTTTTTTTTTTTTTTTTTTV","S000443"
"Danu_MB_1_I19","Danu_MB_1","I19","empty","N/A","N/A","N/A","N/A","98","TAGACCA","RPI-43","N/A","CGATTGAGGCCGGTAATACGACTCACTATAGGGGTTCAGAGTTCTACAGTCCGACGATCNNNNNNTAGACCACTTTTTTTTTTTTTTTTTTTTTTTTV","S000443"
"Danu_MB_1_I20","Danu_MB_1","I20","empty","N/A","N/A","N/A","N/A","308","ATGCACC","RPI-43","N/A","CGATTGAGGCCGGTAATACGACTCACTATAGGGGTTCAGAGTTCTACAGTCCGACGATCNNNNNNATGCACCATTTTTTTTTTTTTTTTTTTTTTTTV","S000443"
"Danu_MB_1_I21","Danu_MB_1","I21","empty","N/A","N/A","N/A","N/A","309","GTGACAC","RPI-43","N/A","CGATTGAGGCCGGTAATACGACTCACTATAGGGGTTCAGAGTTCTACAGTCCGACGATCNNNNNNGTGACACTTTTTTTTTTTTTTTTTTTTTTTTTV","S000443"
"Danu_MB_1_I22","Danu_MB_1","I22","empty","N/A","N/A","N/A","N/A","310","ATTGCTG","RPI-43","N/A","CGATTGAGGCCGGTAATACGACTCACTATAGGGGTTCAGAGTTCTACAGTCCGACGATCNNNNNNATTGCTGGTTTTTTTTTTTTTTTTTTTTTTTTV","S000443"
"Danu_MB_1_I23","Danu_MB_1","I23","empty","N/A","N/A","N/A","N/A","311","TCGACCA","RPI-43","N/A","CGATTGAGGCCGGTAATACGACTCACTATAGGGGTTCAGAGTTCTACAGTCCGACGATCNNNNNNTCGACCAATTTTTTTTTTTTTTTTTTTTTTTTV","S000443"
"Danu_MB_1_I24","Danu_MB_1","I24","empty","N/A","N/A","N/A","N/A","312","CGTAACT","RPI-43","N/A","CGATTGAGGCCGGTAATACGACTCACTATAGGGGTTCAGAGTTCTACAGTCCGACGATCNNNNNNCGTAACTGTTTTTTTTTTTTTTTTTTTTTTTTV","S000443"
"Danu_MB_1_J1","Danu_MB_1","J1","MB (1ng/uL)","Plate A","Day 6","WT_BioRep 1","1","313","CACTGCA","RPI-43","TACAGC","CGATTGAGGCCGGTAATACGACTCACTATAGGGGTTCAGAGTTCTACAGTCCGACGATCNNNNNNCACTGCAATTTTTTTTTTTTTTTTTTTTTTTTV","S000443"
"Danu_MB_1_J2","Danu_MB_1","J2","MB (1ng/uL)","Plate B","Day 12","WT_BioRep 1","1","314","CAAGACT","RPI-43","TACAGC","CGATTGAGGCCGGTAATACGACTCACTATAGGGGTTCAGAGTTCTACAGTCCGACGATCNNNNNNCAAGACTCTTTTTTTTTTTTTTTTTTTTTTTTV","S000443"
"Danu_MB_1_J3","Danu_MB_1","J3","MB (1ng/uL)","Plate A","Day 6","WT_BioRep 2","1","315","GTGCTCA","RPI-43","TACAGC","CGATTGAGGCCGGTAATACGACTCACTATAGGGGTTCAGAGTTCTACAGTCCGACGATCNNNNNNGTGCTCAATTTTTTTTTTTTTTTTTTTTTTTTV","S000443"
"Danu_MB_1_J4","Danu_MB_1","J4","MB (1ng/uL)","Plate B","Day 12","WT_BioRep 2","1","316","GGTGCAT","RPI-43","TACAGC","CGATTGAGGCCGGTAATACGACTCACTATAGGGGTTCAGAGTTCTACAGTCCGACGATCNNNNNNGGTGCATTTTTTTTTTTTTTTTTTTTTTTTTTV","S000443"
"Danu_MB_1_J5","Danu_MB_1","J5","MB (1ng/uL)","Plate A","Day 6","WT_BioRep 3","1","317","GTGTGGT","RPI-43","TACAGC","CGATTGAGGCCGGTAATACGACTCACTATAGGGGTTCAGAGTTCTACAGTCCGACGATCNNNNNNGTGTGGTTTTTTTTTTTTTTTTTTTTTTTTTTV","S000443"
"Danu_MB_1_J6","Danu_MB_1","J6","MB (1ng/uL)","Plate B","Day 12","WT_BioRep 3","1","318","GCCAACT","RPI-43","TACAGC","CGATTGAGGCCGGTAATACGACTCACTATAGGGGTTCAGAGTTCTACAGTCCGACGATCNNNNNNGCCAACTATTTTTTTTTTTTTTTTTTTTTTTTV","S000443"
"Danu_MB_1_J7","Danu_MB_1","J7","MB (1ng/uL)","Plate A","Day 6","WT_BioRep 4","1","319","TACTGTG","RPI-43","TACAGC","CGATTGAGGCCGGTAATACGACTCACTATAGGGGTTCAGAGTTCTACAGTCCGACGATCNNNNNNTACTGTGGTTTTTTTTTTTTTTTTTTTTTTTTV","S000443"
"Danu_MB_1_J8","Danu_MB_1","J8","MB (1ng/uL)","Plate B","Day 12","WT_BioRep 4","1","320","CTACGAC","RPI-43","TACAGC","CGATTGAGGCCGGTAATACGACTCACTATAGGGGTTCAGAGTTCTACAGTCCGACGATCNNNNNNCTACGACATTTTTTTTTTTTTTTTTTTTTTTTV","S000443"
"Danu_MB_1_J9","Danu_MB_1","J9","MB (1ng/uL)","Plate A","Day 6","WT_BioRep 5","1","321","TACCGAA","RPI-43","TACAGC","CGATTGAGGCCGGTAATACGACTCACTATAGGGGTTCAGAGTTCTACAGTCCGACGATCNNNNNNTACCGAACTTTTTTTTTTTTTTTTTTTTTTTTV","S000443"
"Danu_MB_1_J10","Danu_MB_1","J10","MB (1ng/uL)","Plate B","Day 12","WT_BioRep 5","1","322","AGGCCAT","RPI-43","TACAGC","CGATTGAGGCCGGTAATACGACTCACTATAGGGGTTCAGAGTTCTACAGTCCGACGATCNNNNNNAGGCCATTTTTTTTTTTTTTTTTTTTTTTTTTV","S000443"
"Danu_MB_1_J11","Danu_MB_1","J11","empty","N/A","N/A","N/A","N/A","323","CGACCTA","RPI-43","N/A","CGATTGAGGCCGGTAATACGACTCACTATAGGGGTTCAGAGTTCTACAGTCCGACGATCNNNNNNCGACCTAATTTTTTTTTTTTTTTTTTTTTTTTV","S000443"
"Danu_MB_1_J12","Danu_MB_1","J12","empty","N/A","N/A","N/A","N/A","324","CTGTGAG","RPI-43","N/A","CGATTGAGGCCGGTAATACGACTCACTATAGGGGTTCAGAGTTCTACAGTCCGACGATCNNNNNNCTGTGAGTTTTTTTTTTTTTTTTTTTTTTTTTV","S000443"
"Danu_MB_1_J13","Danu_MB_1","J13","MB (1ng/uL)","Plate A","Day 6","GID1KO_BioRep 1","1","325","CAGACGT","RPI-43","TACAGC","CGATTGAGGCCGGTAATACGACTCACTATAGGGGTTCAGAGTTCTACAGTCCGACGATCNNNNNNCAGACGTTTTTTTTTTTTTTTTTTTTTTTTTTV","S000443"
"Danu_MB_1_J14","Danu_MB_1","J14","MB (1ng/uL)","Plate B","Day 12","GID1KO_BioRep 1","1","326","CGAATCC","RPI-43","TACAGC","CGATTGAGGCCGGTAATACGACTCACTATAGGGGTTCAGAGTTCTACAGTCCGACGATCNNNNNNCGAATCCATTTTTTTTTTTTTTTTTTTTTTTTV","S000443"
"Danu_MB_1_J15","Danu_MB_1","J15","MB (1ng/uL)","Plate A","Day 6","GID1KO_BioRep 2","1","327","TCCATGA","RPI-43","TACAGC","CGATTGAGGCCGGTAATACGACTCACTATAGGGGTTCAGAGTTCTACAGTCCGACGATCNNNNNNTCCATGAGTTTTTTTTTTTTTTTTTTTTTTTTV","S000443"
"Danu_MB_1_J16","Danu_MB_1","J16","MB (1ng/uL)","Plate B","Day 12","GID1KO_BioRep 2","1","328","TCATGGT","RPI-43","TACAGC","CGATTGAGGCCGGTAATACGACTCACTATAGGGGTTCAGAGTTCTACAGTCCGACGATCNNNNNNTCATGGTGTTTTTTTTTTTTTTTTTTTTTTTTV","S000443"
"Danu_MB_1_J17","Danu_MB_1","J17","MB (1ng/uL)","Plate A","Day 6","GID1KO_BioRep 3","1","329","CTAACAC","RPI-43","TACAGC","CGATTGAGGCCGGTAATACGACTCACTATAGGGGTTCAGAGTTCTACAGTCCGACGATCNNNNNNCTAACACGTTTTTTTTTTTTTTTTTTTTTTTTV","S000443"
"Danu_MB_1_J18","Danu_MB_1","J18","MB (1ng/uL)","Plate B","Day 12","GID1KO_BioRep 3","1","330","TCTTCCT","RPI-43","TACAGC","CGATTGAGGCCGGTAATACGACTCACTATAGGGGTTCAGAGTTCTACAGTCCGACGATCNNNNNNTCTTCCTCTTTTTTTTTTTTTTTTTTTTTTTTV","S000443"
"Danu_MB_1_J19","Danu_MB_1","J19","MB (1ng/uL)","Plate A","Day 6","GID1KO_BioRep 4","1","331","GCGTTAG","RPI-43","TACAGC","CGATTGAGGCCGGTAATACGACTCACTATAGGGGTTCAGAGTTCTACAGTCCGACGATCNNNNNNGCGTTAGTTTTTTTTTTTTTTTTTTTTTTTTTV","S000443"
"Danu_MB_1_J20","Danu_MB_1","J20","MB (1ng/uL)","Plate B","Day 12","GID1KO_BioRep 4","1","332","CTCCTCT","RPI-43","TACAGC","CGATTGAGGCCGGTAATACGACTCACTATAGGGGTTCAGAGTTCTACAGTCCGACGATCNNNNNNCTCCTCTTTTTTTTTTTTTTTTTTTTTTTTTTV","S000443"
"Danu_MB_1_J21","Danu_MB_1","J21","MB (1ng/uL)","Plate A","Day 6","GID1KO_BioRep 5","1","333","CGCATGA","RPI-43","TACAGC","CGATTGAGGCCGGTAATACGACTCACTATAGGGGTTCAGAGTTCTACAGTCCGACGATCNNNNNNCGCATGATTTTTTTTTTTTTTTTTTTTTTTTTV","S000443"
"Danu_MB_1_J22","Danu_MB_1","J22","MB (1ng/uL)","Plate B","Day 12","GID1KO_BioRep 5","1","334","GACCACT","RPI-43","TACAGC","CGATTGAGGCCGGTAATACGACTCACTATAGGGGTTCAGAGTTCTACAGTCCGACGATCNNNNNNGACCACTATTTTTTTTTTTTTTTTTTTTTTTTV","S000443"
"Danu_MB_1_J23","Danu_MB_1","J23","empty","N/A","N/A","N/A","N/A","335","TATGGCT","RPI-43","N/A","CGATTGAGGCCGGTAATACGACTCACTATAGGGGTTCAGAGTTCTACAGTCCGACGATCNNNNNNTATGGCTGTTTTTTTTTTTTTTTTTTTTTTTTV","S000443"
"Danu_MB_1_J24","Danu_MB_1","J24","empty","N/A","N/A","N/A","N/A","336","GCATGTA","RPI-43","N/A","CGATTGAGGCCGGTAATACGACTCACTATAGGGGTTCAGAGTTCTACAGTCCGACGATCNNNNNNGCATGTACTTTTTTTTTTTTTTTTTTTTTTTTV","S000443"
"Danu_MB_1_K1","Danu_MB_1","K1","MB (1ng/uL)","Plate A","Day 6","WT_BioRep 1","2","337","TCTCCTC","RPI-43","TACAGC","CGATTGAGGCCGGTAATACGACTCACTATAGGGGTTCAGAGTTCTACAGTCCGACGATCNNNNNNTCTCCTCTTTTTTTTTTTTTTTTTTTTTTTTTV","S000443"
"Danu_MB_1_K2","Danu_MB_1","K2","MB (1ng/uL)","Plate B","Day 12","WT_BioRep 1","2","338","ACCAACG","RPI-43","TACAGC","CGATTGAGGCCGGTAATACGACTCACTATAGGGGTTCAGAGTTCTACAGTCCGACGATCNNNNNNACCAACGTTTTTTTTTTTTTTTTTTTTTTTTTV","S000443"
"Danu_MB_1_K3","Danu_MB_1","K3","MB (1ng/uL)","Plate A","Day 6","WT_BioRep 2","2","339","GTAGTGT","RPI-43","TACAGC","CGATTGAGGCCGGTAATACGACTCACTATAGGGGTTCAGAGTTCTACAGTCCGACGATCNNNNNNGTAGTGTCTTTTTTTTTTTTTTTTTTTTTTTTV","S000443"
"Danu_MB_1_K4","Danu_MB_1","K4","MB (1ng/uL)","Plate B","Day 12","WT_BioRep 2","2","340","TCTCAAG","RPI-43","TACAGC","CGATTGAGGCCGGTAATACGACTCACTATAGGGGTTCAGAGTTCTACAGTCCGACGATCNNNNNNTCTCAAGGTTTTTTTTTTTTTTTTTTTTTTTTV","S000443"
"Danu_MB_1_K5","Danu_MB_1","K5","MB (1ng/uL)","Plate A","Day 6","WT_BioRep 3","2","119","TCACCGA","RPI-43","TACAGC","CGATTGAGGCCGGTAATACGACTCACTATAGGGGTTCAGAGTTCTACAGTCCGACGATCNNNNNNTCACCGAATTTTTTTTTTTTTTTTTTTTTTTTV","S000443"
"Danu_MB_1_K6","Danu_MB_1","K6","MB (1ng/uL)","Plate B","Day 12","WT_BioRep 3","2","120","TCATGGA","RPI-43","TACAGC","CGATTGAGGCCGGTAATACGACTCACTATAGGGGTTCAGAGTTCTACAGTCCGACGATCNNNNNNTCATGGACTTTTTTTTTTTTTTTTTTTTTTTTV","S000443"
"Danu_MB_1_K7","Danu_MB_1","K7","MB (1ng/uL)","Plate A","Day 6","WT_BioRep 4","2","343","ACTTCAG","RPI-43","TACAGC","CGATTGAGGCCGGTAATACGACTCACTATAGGGGTTCAGAGTTCTACAGTCCGACGATCNNNNNNACTTCAGGTTTTTTTTTTTTTTTTTTTTTTTTV","S000443"
"Danu_MB_1_K8","Danu_MB_1","K8","MB (1ng/uL)","Plate B","Day 12","WT_BioRep 4","2","344","ACCACTG","RPI-43","TACAGC","CGATTGAGGCCGGTAATACGACTCACTATAGGGGTTCAGAGTTCTACAGTCCGACGATCNNNNNNACCACTGATTTTTTTTTTTTTTTTTTTTTTTTV","S000443"
"Danu_MB_1_K9","Danu_MB_1","K9","MB (1ng/uL)","Plate A","Day 6","WT_BioRep 5","2","345","GCTCTGA","RPI-43","TACAGC","CGATTGAGGCCGGTAATACGACTCACTATAGGGGTTCAGAGTTCTACAGTCCGACGATCNNNNNNGCTCTGAATTTTTTTTTTTTTTTTTTTTTTTTV","S000443"
"Danu_MB_1_K10","Danu_MB_1","K10","MB (1ng/uL)","Plate B","Day 12","WT_BioRep 5","2","346","CAAGTGT","RPI-43","TACAGC","CGATTGAGGCCGGTAATACGACTCACTATAGGGGTTCAGAGTTCTACAGTCCGACGATCNNNNNNCAAGTGTCTTTTTTTTTTTTTTTTTTTTTTTTV","S000443"
"Danu_MB_1_K11","Danu_MB_1","K11","empty","N/A","N/A","N/A","N/A","347","TGCATGG","RPI-43","N/A","CGATTGAGGCCGGTAATACGACTCACTATAGGGGTTCAGAGTTCTACAGTCCGACGATCNNNNNNTGCATGGTTTTTTTTTTTTTTTTTTTTTTTTTV","S000443"
"Danu_MB_1_K12","Danu_MB_1","K12","empty","N/A","N/A","N/A","N/A","348","GCAGTCA","RPI-43","N/A","CGATTGAGGCCGGTAATACGACTCACTATAGGGGTTCAGAGTTCTACAGTCCGACGATCNNNNNNGCAGTCATTTTTTTTTTTTTTTTTTTTTTTTTV","S000443"
"Danu_MB_1_K13","Danu_MB_1","K13","MB (1ng/uL)","Plate A","Day 6","GID1KO_BioRep 1","2","349","ACTACGG","RPI-43","TACAGC","CGATTGAGGCCGGTAATACGACTCACTATAGGGGTTCAGAGTTCTACAGTCCGACGATCNNNNNNACTACGGTTTTTTTTTTTTTTTTTTTTTTTTTV","S000443"
"Danu_MB_1_K14","Danu_MB_1","K14","MB (1ng/uL)","Plate B","Day 12","GID1KO_BioRep 1","2","350","AACTGTG","RPI-43","TACAGC","CGATTGAGGCCGGTAATACGACTCACTATAGGGGTTCAGAGTTCTACAGTCCGACGATCNNNNNNAACTGTGCTTTTTTTTTTTTTTTTTTTTTTTTV","S000443"
"Danu_MB_1_K15","Danu_MB_1","K15","MB (1ng/uL)","Plate A","Day 6","GID1KO_BioRep 2","2","351","ACGCACT","RPI-43","TACAGC","CGATTGAGGCCGGTAATACGACTCACTATAGGGGTTCAGAGTTCTACAGTCCGACGATCNNNNNNACGCACTATTTTTTTTTTTTTTTTTTTTTTTTV","S000443"
"Danu_MB_1_K16","Danu_MB_1","K16","MB (1ng/uL)","Plate B","Day 12","GID1KO_BioRep 2","2","352","AGTCATG","RPI-43","TACAGC","CGATTGAGGCCGGTAATACGACTCACTATAGGGGTTCAGAGTTCTACAGTCCGACGATCNNNNNNAGTCATGCTTTTTTTTTTTTTTTTTTTTTTTTV","S000443"
"Danu_MB_1_K17","Danu_MB_1","K17","MB (1ng/uL)","Plate A","Day 6","GID1KO_BioRep 3","2","353","TGTATGG","RPI-43","TACAGC","CGATTGAGGCCGGTAATACGACTCACTATAGGGGTTCAGAGTTCTACAGTCCGACGATCNNNNNNTGTATGGCTTTTTTTTTTTTTTTTTTTTTTTTV","S000443"
"Danu_MB_1_K18","Danu_MB_1","K18","MB (1ng/uL)","Plate B","Day 12","GID1KO_BioRep 3","2","354","GTGGTCT","RPI-43","TACAGC","CGATTGAGGCCGGTAATACGACTCACTATAGGGGTTCAGAGTTCTACAGTCCGACGATCNNNNNNGTGGTCTATTTTTTTTTTTTTTTTTTTTTTTTV","S000443"
"Danu_MB_1_K19","Danu_MB_1","K19","MB (1ng/uL)","Plate A","Day 6","GID1KO_BioRep 4","2","355","AGTATCC","RPI-43","TACAGC","CGATTGAGGCCGGTAATACGACTCACTATAGGGGTTCAGAGTTCTACAGTCCGACGATCNNNNNNAGTATCCGTTTTTTTTTTTTTTTTTTTTTTTTV","S000443"
"Danu_MB_1_K20","Danu_MB_1","K20","MB (1ng/uL)","Plate B","Day 12","GID1KO_BioRep 4","2","356","TATTGCG","RPI-43","TACAGC","CGATTGAGGCCGGTAATACGACTCACTATAGGGGTTCAGAGTTCTACAGTCCGACGATCNNNNNNTATTGCGGTTTTTTTTTTTTTTTTTTTTTTTTV","S000443"
"Danu_MB_1_K21","Danu_MB_1","K21","MB (1ng/uL)","Plate A","Day 6","GID1KO_BioRep 5","2","357","CGTAGCA","RPI-43","TACAGC","CGATTGAGGCCGGTAATACGACTCACTATAGGGGTTCAGAGTTCTACAGTCCGACGATCNNNNNNCGTAGCATTTTTTTTTTTTTTTTTTTTTTTTTV","S000443"
"Danu_MB_1_K22","Danu_MB_1","K22","MB (1ng/uL)","Plate B","Day 12","GID1KO_BioRep 5","2","358","ACCAAGT","RPI-43","TACAGC","CGATTGAGGCCGGTAATACGACTCACTATAGGGGTTCAGAGTTCTACAGTCCGACGATCNNNNNNACCAAGTCTTTTTTTTTTTTTTTTTTTTTTTTV","S000443"
"Danu_MB_1_K23","Danu_MB_1","K23","empty","N/A","N/A","N/A","N/A","359","CGTGATG","RPI-43","N/A","CGATTGAGGCCGGTAATACGACTCACTATAGGGGTTCAGAGTTCTACAGTCCGACGATCNNNNNNCGTGATGTTTTTTTTTTTTTTTTTTTTTTTTTV","S000443"
"Danu_MB_1_K24","Danu_MB_1","K24","empty","N/A","N/A","N/A","N/A","360","CCATCGA","RPI-43","N/A","CGATTGAGGCCGGTAATACGACTCACTATAGGGGTTCAGAGTTCTACAGTCCGACGATCNNNNNNCCATCGAATTTTTTTTTTTTTTTTTTTTTTTTV","S000443"
"Danu_MB_1_L1","Danu_MB_1","L1","MB (1ng/uL)","Plate A","Day 6","GID2KO_BioRep 1","1","361","CTAGGAT","RPI-43","TACAGC","CGATTGAGGCCGGTAATACGACTCACTATAGGGGTTCAGAGTTCTACAGTCCGACGATCNNNNNNCTAGGATCTTTTTTTTTTTTTTTTTTTTTTTTV","S000443"
"Danu_MB_1_L2","Danu_MB_1","L2","MB (1ng/uL)","Plate B","Day 12","GID2KO_BioRep 1","1","362","ACACGCA","RPI-43","TACAGC","CGATTGAGGCCGGTAATACGACTCACTATAGGGGTTCAGAGTTCTACAGTCCGACGATCNNNNNNACACGCATTTTTTTTTTTTTTTTTTTTTTTTTV","S000443"
"Danu_MB_1_L3","Danu_MB_1","L3","MB (1ng/uL)","Plate A","Day 6","GID2KO_BioRep 2","1","363","TGCGGAT","RPI-43","TACAGC","CGATTGAGGCCGGTAATACGACTCACTATAGGGGTTCAGAGTTCTACAGTCCGACGATCNNNNNNTGCGGATTTTTTTTTTTTTTTTTTTTTTTTTTV","S000443"
"Danu_MB_1_L4","Danu_MB_1","L4","MB (1ng/uL)","Plate B","Day 12","GID2KO_BioRep 2","1","364","CGACCAT","RPI-43","TACAGC","CGATTGAGGCCGGTAATACGACTCACTATAGGGGTTCAGAGTTCTACAGTCCGACGATCNNNNNNCGACCATATTTTTTTTTTTTTTTTTTTTTTTTV","S000443"
"Danu_MB_1_L5","Danu_MB_1","L5","MB (1ng/uL)","Plate A","Day 6","GID2KO_BioRep 3","1","365","TCGCACA","RPI-43","TACAGC","CGATTGAGGCCGGTAATACGACTCACTATAGGGGTTCAGAGTTCTACAGTCCGACGATCNNNNNNTCGCACAATTTTTTTTTTTTTTTTTTTTTTTTV","S000443"
"Danu_MB_1_L6","Danu_MB_1","L6","MB (1ng/uL)","Plate B","Day 12","GID2KO_BioRep 3","1","366","AGCTGTT","RPI-43","TACAGC","CGATTGAGGCCGGTAATACGACTCACTATAGGGGTTCAGAGTTCTACAGTCCGACGATCNNNNNNAGCTGTTGTTTTTTTTTTTTTTTTTTTTTTTTV","S000443"
"Danu_MB_1_L7","Danu_MB_1","L7","MB (1ng/uL)","Plate A","Day 6","GID2KO_BioRep 4","1","367","GAACTTC","RPI-43","TACAGC","CGATTGAGGCCGGTAATACGACTCACTATAGGGGTTCAGAGTTCTACAGTCCGACGATCNNNNNNGAACTTCGTTTTTTTTTTTTTTTTTTTTTTTTV","S000443"
"Danu_MB_1_L8","Danu_MB_1","L8","MB (1ng/uL)","Plate B","Day 12","GID2KO_BioRep 4","1","368","TGGTGAT","RPI-43","TACAGC","CGATTGAGGCCGGTAATACGACTCACTATAGGGGTTCAGAGTTCTACAGTCCGACGATCNNNNNNTGGTGATCTTTTTTTTTTTTTTTTTTTTTTTTV","S000443"
"Danu_MB_1_L9","Danu_MB_1","L9","MB (1ng/uL)","Plate A","Day 6","GID2KO_BioRep 5","1","369","CGATAGC","RPI-43","TACAGC","CGATTGAGGCCGGTAATACGACTCACTATAGGGGTTCAGAGTTCTACAGTCCGACGATCNNNNNNCGATAGCTTTTTTTTTTTTTTTTTTTTTTTTTV","S000443"
"Danu_MB_1_L10","Danu_MB_1","L10","MB (1ng/uL)","Plate B","Day 12","GID2KO_BioRep 5","1","370","ATCCGCA","RPI-43","TACAGC","CGATTGAGGCCGGTAATACGACTCACTATAGGGGTTCAGAGTTCTACAGTCCGACGATCNNNNNNATCCGCAATTTTTTTTTTTTTTTTTTTTTTTTV","S000443"
"Danu_MB_1_L11","Danu_MB_1","L11","empty","N/A","N/A","N/A","N/A","371","CGCTAGT","RPI-43","N/A","CGATTGAGGCCGGTAATACGACTCACTATAGGGGTTCAGAGTTCTACAGTCCGACGATCNNNNNNCGCTAGTATTTTTTTTTTTTTTTTTTTTTTTTV","S000443"
"Danu_MB_1_L12","Danu_MB_1","L12","empty","N/A","N/A","N/A","N/A","372","CGCAACA","RPI-43","N/A","CGATTGAGGCCGGTAATACGACTCACTATAGGGGTTCAGAGTTCTACAGTCCGACGATCNNNNNNCGCAACATTTTTTTTTTTTTTTTTTTTTTTTTV","S000443"
"Danu_MB_1_L13","Danu_MB_1","L13","MB (1ng/uL)","Plate A","Day 6","GID7KO_BioRep 2","1","373","GACCTAC","RPI-43","TACAGC","CGATTGAGGCCGGTAATACGACTCACTATAGGGGTTCAGAGTTCTACAGTCCGACGATCNNNNNNGACCTACATTTTTTTTTTTTTTTTTTTTTTTTV","S000443"
"Danu_MB_1_L14","Danu_MB_1","L14","MB (1ng/uL)","Plate B","Day 12","GID7KO_BioRep 2","1","374","AGGAAGG","RPI-43","TACAGC","CGATTGAGGCCGGTAATACGACTCACTATAGGGGTTCAGAGTTCTACAGTCCGACGATCNNNNNNAGGAAGGATTTTTTTTTTTTTTTTTTTTTTTTV","S000443"
"Danu_MB_1_L15","Danu_MB_1","L15","MB (1ng/uL)","Plate A","Day 6","GID7KO_BioRep 3","1","375","CAACATG","RPI-43","TACAGC","CGATTGAGGCCGGTAATACGACTCACTATAGGGGTTCAGAGTTCTACAGTCCGACGATCNNNNNNCAACATGCTTTTTTTTTTTTTTTTTTTTTTTTV","S000443"
"Danu_MB_1_L16","Danu_MB_1","L16","MB (1ng/uL)","Plate B","Day 12","GID7KO_BioRep 12","1","376","CCAATAG","RPI-43","TACAGC","CGATTGAGGCCGGTAATACGACTCACTATAGGGGTTCAGAGTTCTACAGTCCGACGATCNNNNNNCCAATAGCTTTTTTTTTTTTTTTTTTTTTTTTV","S000443"
"Danu_MB_1_L17","Danu_MB_1","L17","MB (1ng/uL)","Plate A","Day 6","GID7KO_BioRep 4","1","377","TCGAGTT","RPI-43","TACAGC","CGATTGAGGCCGGTAATACGACTCACTATAGGGGTTCAGAGTTCTACAGTCCGACGATCNNNNNNTCGAGTTGTTTTTTTTTTTTTTTTTTTTTTTTV","S000443"
"Danu_MB_1_L18","Danu_MB_1","L18","MB (1ng/uL)","Plate B","Day 12","GID7KO_BioRep 3","1","378","GCGCAAT","RPI-43","TACAGC","CGATTGAGGCCGGTAATACGACTCACTATAGGGGTTCAGAGTTCTACAGTCCGACGATCNNNNNNGCGCAATTTTTTTTTTTTTTTTTTTTTTTTTTV","S000443"
"Danu_MB_1_L19","Danu_MB_1","L19","MB (1ng/uL)","Plate A","Day 6","GID7KO_BioRep 5","1","379","ACCATGT","RPI-43","TACAGC","CGATTGAGGCCGGTAATACGACTCACTATAGGGGTTCAGAGTTCTACAGTCCGACGATCNNNNNNACCATGTGTTTTTTTTTTTTTTTTTTTTTTTTV","S000443"
"Danu_MB_1_L20","Danu_MB_1","L20","MB (1ng/uL)","Plate B","Day 12","GID7KO_BioRep 5","1","380","CACACTA","RPI-43","TACAGC","CGATTGAGGCCGGTAATACGACTCACTATAGGGGTTCAGAGTTCTACAGTCCGACGATCNNNNNNCACACTAGTTTTTTTTTTTTTTTTTTTTTTTTV","S000443"
"Danu_MB_1_L21","Danu_MB_1","L21","MB (1ng/uL)","Plate A","Day 6","GID7KO_BioRep 6","1","381","TGCAATG","RPI-43","TACAGC","CGATTGAGGCCGGTAATACGACTCACTATAGGGGTTCAGAGTTCTACAGTCCGACGATCNNNNNNTGCAATGCTTTTTTTTTTTTTTTTTTTTTTTTV","S000443"
"Danu_MB_1_L22","Danu_MB_1","L22","MB (1ng/uL)","Plate B","Day 12","GID7KO_BioRep 12","1","382","GCAATGT","RPI-43","TACAGC","CGATTGAGGCCGGTAATACGACTCACTATAGGGGTTCAGAGTTCTACAGTCCGACGATCNNNNNNGCAATGTCTTTTTTTTTTTTTTTTTTTTTTTTV","S000443"
"Danu_MB_1_L23","Danu_MB_1","L23","empty","N/A","N/A","N/A","N/A","383","TGGTCTG","RPI-43","N/A","CGATTGAGGCCGGTAATACGACTCACTATAGGGGTTCAGAGTTCTACAGTCCGACGATCNNNNNNTGGTCTGATTTTTTTTTTTTTTTTTTTTTTTTV","S000443"
"Danu_MB_1_L24","Danu_MB_1","L24","empty","N/A","N/A","N/A","N/A","384","GTCATGT","RPI-43","N/A","CGATTGAGGCCGGTAATACGACTCACTATAGGGGTTCAGAGTTCTACAGTCCGACGATCNNNNNNGTCATGTGTTTTTTTTTTTTTTTTTTTTTTTTV","S000443"
"Danu_MB_1_M1","Danu_MB_1","M1","MB (1ng/uL)","Plate A","Day 6","GID2KO_BioRep 1","2","385","GTCATGC","RPI-43","TACAGC","CGATTGAGGCCGGTAATACGACTCACTATAGGGGTTCAGAGTTCTACAGTCCGACGATCNNNNNNGTCATGCATTTTTTTTTTTTTTTTTTTTTTTTV","S000443"
"Danu_MB_1_M2","Danu_MB_1","M2","MB (1ng/uL)","Plate B","Day 12","GID2KO_BioRep 1","2","386","GGTACAC","RPI-43","TACAGC","CGATTGAGGCCGGTAATACGACTCACTATAGGGGTTCAGAGTTCTACAGTCCGACGATCNNNNNNGGTACACTTTTTTTTTTTTTTTTTTTTTTTTTV","S000443"
"Danu_MB_1_M3","Danu_MB_1","M3","MB (1ng/uL)","Plate A","Day 6","GID2KO_BioRep 2","2","387","TCAAGCA","RPI-43","TACAGC","CGATTGAGGCCGGTAATACGACTCACTATAGGGGTTCAGAGTTCTACAGTCCGACGATCNNNNNNTCAAGCACTTTTTTTTTTTTTTTTTTTTTTTTV","S000443"
"Danu_MB_1_M4","Danu_MB_1","M4","MB (1ng/uL)","Plate B","Day 12","GID2KO_BioRep 2","2","388","GCAAGTT","RPI-43","TACAGC","CGATTGAGGCCGGTAATACGACTCACTATAGGGGTTCAGAGTTCTACAGTCCGACGATCNNNNNNGCAAGTTCTTTTTTTTTTTTTTTTTTTTTTTTV","S000443"
"Danu_MB_1_M5","Danu_MB_1","M5","MB (1ng/uL)","Plate A","Day 6","GID2KO_BioRep 3","2","389","GGTATCG","RPI-43","TACAGC","CGATTGAGGCCGGTAATACGACTCACTATAGGGGTTCAGAGTTCTACAGTCCGACGATCNNNNNNGGTATCGTTTTTTTTTTTTTTTTTTTTTTTTTV","S000443"
"Danu_MB_1_M6","Danu_MB_1","M6","MB (1ng/uL)","Plate B","Day 12","GID2KO_BioRep 3","2","390","ATGTCCA","RPI-43","TACAGC","CGATTGAGGCCGGTAATACGACTCACTATAGGGGTTCAGAGTTCTACAGTCCGACGATCNNNNNNATGTCCAGTTTTTTTTTTTTTTTTTTTTTTTTV","S000443"
"Danu_MB_1_M7","Danu_MB_1","M7","MB (1ng/uL)","Plate A","Day 6","GID2KO_BioRep 4","2","391","ACTCTGA","RPI-43","TACAGC","CGATTGAGGCCGGTAATACGACTCACTATAGGGGTTCAGAGTTCTACAGTCCGACGATCNNNNNNACTCTGAGTTTTTTTTTTTTTTTTTTTTTTTTV","S000443"
"Danu_MB_1_M8","Danu_MB_1","M8","MB (1ng/uL)","Plate B","Day 12","GID2KO_BioRep 4","2","392","GGCCAAT","RPI-43","TACAGC","CGATTGAGGCCGGTAATACGACTCACTATAGGGGTTCAGAGTTCTACAGTCCGACGATCNNNNNNGGCCAATTTTTTTTTTTTTTTTTTTTTTTTTTV","S000443"
"Danu_MB_1_M9","Danu_MB_1","M9","MB (1ng/uL)","Plate A","Day 6","GID2KO_BioRep 5","2","393","CATTGTG","RPI-43","TACAGC","CGATTGAGGCCGGTAATACGACTCACTATAGGGGTTCAGAGTTCTACAGTCCGACGATCNNNNNNCATTGTGGTTTTTTTTTTTTTTTTTTTTTTTTV","S000443"
"Danu_MB_1_M10","Danu_MB_1","M10","MB (1ng/uL)","Plate B","Day 12","GID2KO_BioRep 5","2","394","GATTGGT","RPI-43","TACAGC","CGATTGAGGCCGGTAATACGACTCACTATAGGGGTTCAGAGTTCTACAGTCCGACGATCNNNNNNGATTGGTCTTTTTTTTTTTTTTTTTTTTTTTTV","S000443"
"Danu_MB_1_M11","Danu_MB_1","M11","empty","N/A","N/A","N/A","N/A","395","TCAGGCA","RPI-43","N/A","CGATTGAGGCCGGTAATACGACTCACTATAGGGGTTCAGAGTTCTACAGTCCGACGATCNNNNNNTCAGGCATTTTTTTTTTTTTTTTTTTTTTTTTV","S000443"
"Danu_MB_1_M12","Danu_MB_1","M12","empty","N/A","N/A","N/A","N/A","396","TGCGGTT","RPI-43","N/A","CGATTGAGGCCGGTAATACGACTCACTATAGGGGTTCAGAGTTCTACAGTCCGACGATCNNNNNNTGCGGTTATTTTTTTTTTTTTTTTTTTTTTTTV","S000443"
"Danu_MB_1_M13","Danu_MB_1","M13","MB (1ng/uL)","Plate A","Day 6","GID7KO_BioRep 2","2","397","GACATGC","RPI-43","TACAGC","CGATTGAGGCCGGTAATACGACTCACTATAGGGGTTCAGAGTTCTACAGTCCGACGATCNNNNNNGACATGCTTTTTTTTTTTTTTTTTTTTTTTTTV","S000443"
"Danu_MB_1_M14","Danu_MB_1","M14","MB (1ng/uL)","Plate B","Day 12","GID7KO_BioRep 2","2","398","TAAGCTG","RPI-43","TACAGC","CGATTGAGGCCGGTAATACGACTCACTATAGGGGTTCAGAGTTCTACAGTCCGACGATCNNNNNNTAAGCTGCTTTTTTTTTTTTTTTTTTTTTTTTV","S000443"
"Danu_MB_1_M15","Danu_MB_1","M15","MB (1ng/uL)","Plate A","Day 6","GID7KO_BioRep 3","2","399","AGCGTAT","RPI-43","TACAGC","CGATTGAGGCCGGTAATACGACTCACTATAGGGGTTCAGAGTTCTACAGTCCGACGATCNNNNNNAGCGTATCTTTTTTTTTTTTTTTTTTTTTTTTV","S000443"
"Danu_MB_1_M16","Danu_MB_1","M16","MB (1ng/uL)","Plate B","Day 12","GID7KO_BioRep 12","2","400","ATTGCCG","RPI-43","TACAGC","CGATTGAGGCCGGTAATACGACTCACTATAGGGGTTCAGAGTTCTACAGTCCGACGATCNNNNNNATTGCCGATTTTTTTTTTTTTTTTTTTTTTTTV","S000443"
"Danu_MB_1_M17","Danu_MB_1","M17","MB (1ng/uL)","Plate A","Day 6","GID7KO_BioRep 4","2","401","TAGGTTG","RPI-43","TACAGC","CGATTGAGGCCGGTAATACGACTCACTATAGGGGTTCAGAGTTCTACAGTCCGACGATCNNNNNNTAGGTTGCTTTTTTTTTTTTTTTTTTTTTTTTV","S000443"
"Danu_MB_1_M18","Danu_MB_1","M18","MB (1ng/uL)","Plate B","Day 12","GID7KO_BioRep 3","2","402","TGGCAAC","RPI-43","TACAGC","CGATTGAGGCCGGTAATACGACTCACTATAGGGGTTCAGAGTTCTACAGTCCGACGATCNNNNNNTGGCAACTTTTTTTTTTTTTTTTTTTTTTTTTV","S000443"
"Danu_MB_1_M19","Danu_MB_1","M19","MB (1ng/uL)","Plate A","Day 6","GID7KO_BioRep 5","2","97","GTAGCTC","RPI-43","TACAGC","CGATTGAGGCCGGTAATACGACTCACTATAGGGGTTCAGAGTTCTACAGTCCGACGATCNNNNNNGTAGCTCATTTTTTTTTTTTTTTTTTTTTTTTV","S000443"
"Danu_MB_1_M20","Danu_MB_1","M20","MB (1ng/uL)","Plate B","Day 12","GID7KO_BioRep 5","2","404","GCCAATT","RPI-43","TACAGC","CGATTGAGGCCGGTAATACGACTCACTATAGGGGTTCAGAGTTCTACAGTCCGACGATCNNNNNNGCCAATTGTTTTTTTTTTTTTTTTTTTTTTTTV","S000443"
"Danu_MB_1_M21","Danu_MB_1","M21","MB (1ng/uL)","Plate A","Day 6","GID7KO_BioRep 6","2","405","TGCCAGA","RPI-43","TACAGC","CGATTGAGGCCGGTAATACGACTCACTATAGGGGTTCAGAGTTCTACAGTCCGACGATCNNNNNNTGCCAGATTTTTTTTTTTTTTTTTTTTTTTTTV","S000443"
"Danu_MB_1_M22","Danu_MB_1","M22","MB (1ng/uL)","Plate B","Day 12","GID7KO_BioRep 12","2","406","TAGCGTC","RPI-43","TACAGC","CGATTGAGGCCGGTAATACGACTCACTATAGGGGTTCAGAGTTCTACAGTCCGACGATCNNNNNNTAGCGTCATTTTTTTTTTTTTTTTTTTTTTTTV","S000443"
"Danu_MB_1_M23","Danu_MB_1","M23","empty","N/A","N/A","N/A","N/A","407","ACCAAGC","RPI-43","N/A","CGATTGAGGCCGGTAATACGACTCACTATAGGGGTTCAGAGTTCTACAGTCCGACGATCNNNNNNACCAAGCTTTTTTTTTTTTTTTTTTTTTTTTTV","S000443"
"Danu_MB_1_M24","Danu_MB_1","M24","empty","N/A","N/A","N/A","N/A","408","AGCATGT","RPI-43","N/A","CGATTGAGGCCGGTAATACGACTCACTATAGGGGTTCAGAGTTCTACAGTCCGACGATCNNNNNNAGCATGTCTTTTTTTTTTTTTTTTTTTTTTTTV","S000443"
"Danu_MB_1_N1","Danu_MB_1","N1","MB (1ng/uL)","Plate A","Day 6","GID8KO_BioRep 2","1","409","GCGCTTA","RPI-43","TACAGC","CGATTGAGGCCGGTAATACGACTCACTATAGGGGTTCAGAGTTCTACAGTCCGACGATCNNNNNNGCGCTTAATTTTTTTTTTTTTTTTTTTTTTTTV","S000443"
"Danu_MB_1_N2","Danu_MB_1","N2","MB (1ng/uL)","Plate B","Day 12","GID8KO_BioRep 2","1","410","GTTACCG","RPI-43","TACAGC","CGATTGAGGCCGGTAATACGACTCACTATAGGGGTTCAGAGTTCTACAGTCCGACGATCNNNNNNGTTACCGATTTTTTTTTTTTTTTTTTTTTTTTV","S000443"
"Danu_MB_1_N3","Danu_MB_1","N3","MB (1ng/uL)","Plate A","Day 6","GID8KO_BioRep 3","1","411","GGACTTG","RPI-43","TACAGC","CGATTGAGGCCGGTAATACGACTCACTATAGGGGTTCAGAGTTCTACAGTCCGACGATCNNNNNNGGACTTGTTTTTTTTTTTTTTTTTTTTTTTTTV","S000443"
"Danu_MB_1_N4","Danu_MB_1","N4","MB (1ng/uL)","Plate B","Day 12","GID8KO_BioRep 12","1","412","TGACCAT","RPI-43","TACAGC","CGATTGAGGCCGGTAATACGACTCACTATAGGGGTTCAGAGTTCTACAGTCCGACGATCNNNNNNTGACCATGTTTTTTTTTTTTTTTTTTTTTTTTV","S000443"
"Danu_MB_1_N5","Danu_MB_1","N5","MB (1ng/uL)","Plate A","Day 6","GID8KO_BioRep 4","1","413","ACCGTGA","RPI-43","TACAGC","CGATTGAGGCCGGTAATACGACTCACTATAGGGGTTCAGAGTTCTACAGTCCGACGATCNNNNNNACCGTGATTTTTTTTTTTTTTTTTTTTTTTTTV","S000443"
"Danu_MB_1_N6","Danu_MB_1","N6","MB (1ng/uL)","Plate B","Day 12","GID8KO_BioRep 3","1","414","ATGCAGT","RPI-43","TACAGC","CGATTGAGGCCGGTAATACGACTCACTATAGGGGTTCAGAGTTCTACAGTCCGACGATCNNNNNNATGCAGTCTTTTTTTTTTTTTTTTTTTTTTTTV","S000443"
"Danu_MB_1_N7","Danu_MB_1","N7","MB (1ng/uL)","Plate A","Day 6","GID8KO_BioRep 5","1","415","CGTAGTG","RPI-43","TACAGC","CGATTGAGGCCGGTAATACGACTCACTATAGGGGTTCAGAGTTCTACAGTCCGACGATCNNNNNNCGTAGTGTTTTTTTTTTTTTTTTTTTTTTTTTV","S000443"
"Danu_MB_1_N8","Danu_MB_1","N8","MB (1ng/uL)","Plate B","Day 12","GID8KO_BioRep 5","1","416","AGGTTCA","RPI-43","TACAGC","CGATTGAGGCCGGTAATACGACTCACTATAGGGGTTCAGAGTTCTACAGTCCGACGATCNNNNNNAGGTTCACTTTTTTTTTTTTTTTTTTTTTTTTV","S000443"
"Danu_MB_1_N9","Danu_MB_1","N9","MB (1ng/uL)","Plate A","Day 6","GID8KO_BioRep 6","1","417","TGGTTGC","RPI-43","TACAGC","CGATTGAGGCCGGTAATACGACTCACTATAGGGGTTCAGAGTTCTACAGTCCGACGATCNNNNNNTGGTTGCATTTTTTTTTTTTTTTTTTTTTTTTV","S000443"
"Danu_MB_1_N10","Danu_MB_1","N10","MB (1ng/uL)","Plate B","Day 12","GID8KO_BioRep 12","1","418","TAGCCGA","RPI-43","TACAGC","CGATTGAGGCCGGTAATACGACTCACTATAGGGGTTCAGAGTTCTACAGTCCGACGATCNNNNNNTAGCCGATTTTTTTTTTTTTTTTTTTTTTTTTV","S000443"
"Danu_MB_1_N11","Danu_MB_1","N11","empty","N/A","N/A","N/A","N/A","419","CAGTACC","RPI-43","N/A","CGATTGAGGCCGGTAATACGACTCACTATAGGGGTTCAGAGTTCTACAGTCCGACGATCNNNNNNCAGTACCATTTTTTTTTTTTTTTTTTTTTTTTV","S000443"
"Danu_MB_1_N12","Danu_MB_1","N12","empty","N/A","N/A","N/A","N/A","420","CAATTGG","RPI-43","N/A","CGATTGAGGCCGGTAATACGACTCACTATAGGGGTTCAGAGTTCTACAGTCCGACGATCNNNNNNCAATTGGCTTTTTTTTTTTTTTTTTTTTTTTTV","S000443"
"Danu_MB_1_N13","Danu_MB_1","N13","MB (1ng/uL)","Plate A","Day 6","GID9KO_BioRep 3","1","421","TGCTAGG","RPI-43","TACAGC","CGATTGAGGCCGGTAATACGACTCACTATAGGGGTTCAGAGTTCTACAGTCCGACGATCNNNNNNTGCTAGGTTTTTTTTTTTTTTTTTTTTTTTTTV","S000443"
"Danu_MB_1_N14","Danu_MB_1","N14","MB (1ng/uL)","Plate B","Day 12","GID9KO_BioRep 12","1","422","AACGTCA","RPI-43","TACAGC","CGATTGAGGCCGGTAATACGACTCACTATAGGGGTTCAGAGTTCTACAGTCCGACGATCNNNNNNAACGTCACTTTTTTTTTTTTTTTTTTTTTTTTV","S000443"
"Danu_MB_1_N15","Danu_MB_1","N15","MB (1ng/uL)","Plate A","Day 6","GID9KO_BioRep 4","1","423","CATCACG","RPI-43","TACAGC","CGATTGAGGCCGGTAATACGACTCACTATAGGGGTTCAGAGTTCTACAGTCCGACGATCNNNNNNCCGATGTATTTTTTTTTTTTTTTTTTTTTTTTV","S000443"
"Danu_MB_1_N16","Danu_MB_1","N16","MB (1ng/uL)","Plate B","Day 12","GID9KO_BioRep 4","1","424","GGTTAGC","RPI-43","TACAGC","CGATTGAGGCCGGTAATACGACTCACTATAGGGGTTCAGAGTTCTACAGTCCGACGATCNNNNNNGGTTAGCTTTTTTTTTTTTTTTTTTTTTTTTTV","S000443"
"Danu_MB_1_N17","Danu_MB_1","N17","MB (1ng/uL)","Plate A","Day 6","GID9KO_BioRep 5","1","425","GTCAGTA","RPI-43","TACAGC","CGATTGAGGCCGGTAATACGACTCACTATAGGGGTTCAGAGTTCTACAGTCCGACGATCNNNNNNGTCAGTACTTTTTTTTTTTTTTTTTTTTTTTTV","S000443"
"Danu_MB_1_N18","Danu_MB_1","N18","MB (1ng/uL)","Plate B","Day 12","GID9KO_BioRep 3","1","426","CAATCGG","RPI-43","TACAGC","CGATTGAGGCCGGTAATACGACTCACTATAGGGGTTCAGAGTTCTACAGTCCGACGATCNNNNNNCAATCGGTTTTTTTTTTTTTTTTTTTTTTTTTV","S000443"
"Danu_MB_1_N19","Danu_MB_1","N19","MB (1ng/uL)","Plate A","Day 6","GID9KO_BioRep 6","1","427","GCGTGTA","RPI-43","TACAGC","CGATTGAGGCCGGTAATACGACTCACTATAGGGGTTCAGAGTTCTACAGTCCGACGATCNNNNNNGCGTGTATTTTTTTTTTTTTTTTTTTTTTTTTV","S000443"
"Danu_MB_1_N20","Danu_MB_1","N20","MB (1ng/uL)","Plate B","Day 12","GID9KO_BioRep 12","1","428","GCATGTG","RPI-43","TACAGC","CGATTGAGGCCGGTAATACGACTCACTATAGGGGTTCAGAGTTCTACAGTCCGACGATCNNNNNNGCATGTGTTTTTTTTTTTTTTTTTTTTTTTTTV","S000443"
"Danu_MB_1_N21","Danu_MB_1","N21","MB (1ng/uL)","Plate A","Day 6","GID9KO_BioRep 7","1","429","GTTGAGT","RPI-43","TACAGC","CGATTGAGGCCGGTAATACGACTCACTATAGGGGTTCAGAGTTCTACAGTCCGACGATCNNNNNNGTTGAGTCTTTTTTTTTTTTTTTTTTTTTTTTV","S000443"
"Danu_MB_1_N22","Danu_MB_1","N22","MB (1ng/uL)","Plate B","Day 12","GID9KO_BioRep 7","1","430","CACTACA","RPI-43","TACAGC","CGATTGAGGCCGGTAATACGACTCACTATAGGGGTTCAGAGTTCTACAGTCCGACGATCNNNNNNCACTACAGTTTTTTTTTTTTTTTTTTTTTTTTV","S000443"
"Danu_MB_1_N23","Danu_MB_1","N23","empty","N/A","N/A","N/A","N/A","431","GTATGGT","RPI-43","N/A","CGATTGAGGCCGGTAATACGACTCACTATAGGGGTTCAGAGTTCTACAGTCCGACGATCNNNNNNGTATGGTCTTTTTTTTTTTTTTTTTTTTTTTTV","S000443"
"Danu_MB_1_N24","Danu_MB_1","N24","empty","N/A","N/A","N/A","N/A","432","TCGCTGA","RPI-43","N/A","CGATTGAGGCCGGTAATACGACTCACTATAGGGGTTCAGAGTTCTACAGTCCGACGATCNNNNNNTCGCTGAATTTTTTTTTTTTTTTTTTTTTTTTV","S000443"
"Danu_MB_1_O1","Danu_MB_1","O1","MB (1ng/uL)","Plate A","Day 6","GID8KO_BioRep 2","2","433","CTCAAGA","RPI-43","TACAGC","CGATTGAGGCCGGTAATACGACTCACTATAGGGGTTCAGAGTTCTACAGTCCGACGATCNNNNNNCTCAAGACTTTTTTTTTTTTTTTTTTTTTTTTV","S000443"
"Danu_MB_1_O2","Danu_MB_1","O2","MB (1ng/uL)","Plate B","Day 12","GID8KO_BioRep 2","2","434","GCCATGA","RPI-43","TACAGC","CGATTGAGGCCGGTAATACGACTCACTATAGGGGTTCAGAGTTCTACAGTCCGACGATCNNNNNNGCCATGATTTTTTTTTTTTTTTTTTTTTTTTTV","S000443"
"Danu_MB_1_O3","Danu_MB_1","O3","MB (1ng/uL)","Plate A","Day 6","GID8KO_BioRep 3","2","435","ATTGTGG","RPI-43","TACAGC","CGATTGAGGCCGGTAATACGACTCACTATAGGGGTTCAGAGTTCTACAGTCCGACGATCNNNNNNATTGTGGCTTTTTTTTTTTTTTTTTTTTTTTTV","S000443"
"Danu_MB_1_O4","Danu_MB_1","O4","MB (1ng/uL)","Plate B","Day 12","GID8KO_BioRep 12","2","436","AGCACTT","RPI-43","TACAGC","CGATTGAGGCCGGTAATACGACTCACTATAGGGGTTCAGAGTTCTACAGTCCGACGATCNNNNNNAGCACTTGTTTTTTTTTTTTTTTTTTTTTTTTV","S000443"
"Danu_MB_1_O5","Danu_MB_1","O5","MB (1ng/uL)","Plate A","Day 6","GID8KO_BioRep 4","2","437","TCACACG","RPI-43","TACAGC","CGATTGAGGCCGGTAATACGACTCACTATAGGGGTTCAGAGTTCTACAGTCCGACGATCNNNNNNTCACACGATTTTTTTTTTTTTTTTTTTTTTTTV","S000443"
"Danu_MB_1_O6","Danu_MB_1","O6","MB (1ng/uL)","Plate B","Day 12","GID8KO_BioRep 3","2","438","CCACTAA","RPI-43","TACAGC","CGATTGAGGCCGGTAATACGACTCACTATAGGGGTTCAGAGTTCTACAGTCCGACGATCNNNNNNCCACTAAGTTTTTTTTTTTTTTTTTTTTTTTTV","S000443"
"Danu_MB_1_O7","Danu_MB_1","O7","MB (1ng/uL)","Plate A","Day 6","GID8KO_BioRep 5","2","439","TACCGTG","RPI-43","TACAGC","CGATTGAGGCCGGTAATACGACTCACTATAGGGGTTCAGAGTTCTACAGTCCGACGATCNNNNNNTACCGTGATTTTTTTTTTTTTTTTTTTTTTTTV","S000443"
"Danu_MB_1_O8","Danu_MB_1","O8","MB (1ng/uL)","Plate B","Day 12","GID8KO_BioRep 5","2","440","GCCATCA","RPI-43","TACAGC","CGATTGAGGCCGGTAATACGACTCACTATAGGGGTTCAGAGTTCTACAGTCCGACGATCNNNNNNGCCATCAATTTTTTTTTTTTTTTTTTTTTTTTV","S000443"
"Danu_MB_1_O9","Danu_MB_1","O9","MB (1ng/uL)","Plate A","Day 6","GID8KO_BioRep 6","2","441","GGCTATC","RPI-43","TACAGC","CGATTGAGGCCGGTAATACGACTCACTATAGGGGTTCAGAGTTCTACAGTCCGACGATCNNNNNNGGCTATCATTTTTTTTTTTTTTTTTTTTTTTTV","S000443"
"Danu_MB_1_O10","Danu_MB_1","O10","MB (1ng/uL)","Plate B","Day 12","GID8KO_BioRep 12","2","442","GGTCCAA","RPI-43","TACAGC","CGATTGAGGCCGGTAATACGACTCACTATAGGGGTTCAGAGTTCTACAGTCCGACGATCNNNNNNGGTCCAATTTTTTTTTTTTTTTTTTTTTTTTTV","S000443"
"Danu_MB_1_O11","Danu_MB_1","O11","empty","N/A","N/A","N/A","N/A","443","GTGAGTT","RPI-43","N/A","CGATTGAGGCCGGTAATACGACTCACTATAGGGGTTCAGAGTTCTACAGTCCGACGATCNNNNNNGTGAGTTCTTTTTTTTTTTTTTTTTTTTTTTTV","S000443"
"Danu_MB_1_O12","Danu_MB_1","O12","empty","N/A","N/A","N/A","N/A","444","ATGGTCC","RPI-43","N/A","CGATTGAGGCCGGTAATACGACTCACTATAGGGGTTCAGAGTTCTACAGTCCGACGATCNNNNNNATGGTCCATTTTTTTTTTTTTTTTTTTTTTTTV","S000443"
"Danu_MB_1_O13","Danu_MB_1","O13","MB (1ng/uL)","Plate A","Day 6","GID9KO_BioRep 3","2","445","GGAAGAA","RPI-43","TACAGC","CGATTGAGGCCGGTAATACGACTCACTATAGGGGTTCAGAGTTCTACAGTCCGACGATCNNNNNNGGAAGAAGTTTTTTTTTTTTTTTTTTTTTTTTV","S000443"
"Danu_MB_1_O14","Danu_MB_1","O14","MB (1ng/uL)","Plate B","Day 12","GID9KO_BioRep 12","2","446","GAGACCT","RPI-43","TACAGC","CGATTGAGGCCGGTAATACGACTCACTATAGGGGTTCAGAGTTCTACAGTCCGACGATCNNNNNNGAGACCTTTTTTTTTTTTTTTTTTTTTTTTTTV","S000443"
"Danu_MB_1_O15","Danu_MB_1","O15","MB (1ng/uL)","Plate A","Day 6","GID9KO_BioRep 4","2","447","AGCTCAT","RPI-43","TACAGC","CGATTGAGGCCGGTAATACGACTCACTATAGGGGTTCAGAGTTCTACAGTCCGACGATCNNNNNNAGCTCATGTTTTTTTTTTTTTTTTTTTTTTTTV","S000443"
"Danu_MB_1_O16","Danu_MB_1","O16","MB (1ng/uL)","Plate B","Day 12","GID9KO_BioRep 4","2","448","CTCACAG","RPI-43","TACAGC","CGATTGAGGCCGGTAATACGACTCACTATAGGGGTTCAGAGTTCTACAGTCCGACGATCNNNNNNCTCACAGATTTTTTTTTTTTTTTTTTTTTTTTV","S000443"
"Danu_MB_1_O17","Danu_MB_1","O17","MB (1ng/uL)","Plate A","Day 6","GID9KO_BioRep 5","2","449","GAATCCA","RPI-43","TACAGC","CGATTGAGGCCGGTAATACGACTCACTATAGGGGTTCAGAGTTCTACAGTCCGACGATCNNNNNNGAATCCACTTTTTTTTTTTTTTTTTTTTTTTTV","S000443"
"Danu_MB_1_O18","Danu_MB_1","O18","MB (1ng/uL)","Plate B","Day 12","GID9KO_BioRep 3","2","450","CGTCGAT","RPI-43","TACAGC","CGATTGAGGCCGGTAATACGACTCACTATAGGGGTTCAGAGTTCTACAGTCCGACGATCNNNNNNCGTCGATATTTTTTTTTTTTTTTTTTTTTTTTV","S000443"
"Danu_MB_1_O19","Danu_MB_1","O19","MB (1ng/uL)","Plate A","Day 6","GID9KO_BioRep 6","2","451","TCCAGTG","RPI-43","TACAGC","CGATTGAGGCCGGTAATACGACTCACTATAGGGGTTCAGAGTTCTACAGTCCGACGATCNNNNNNTCCAGTGATTTTTTTTTTTTTTTTTTTTTTTTV","S000443"
"Danu_MB_1_O20","Danu_MB_1","O20","MB (1ng/uL)","Plate B","Day 12","GID9KO_BioRep 12","2","452","CGCAATA","RPI-43","TACAGC","CGATTGAGGCCGGTAATACGACTCACTATAGGGGTTCAGAGTTCTACAGTCCGACGATCNNNNNNCGCAATACTTTTTTTTTTTTTTTTTTTTTTTTV","S000443"
"Danu_MB_1_O21","Danu_MB_1","O21","MB (1ng/uL)","Plate A","Day 6","GID9KO_BioRep 7","2","453","AGTGTCT","RPI-43","TACAGC","CGATTGAGGCCGGTAATACGACTCACTATAGGGGTTCAGAGTTCTACAGTCCGACGATCNNNNNNAGTGTCTGTTTTTTTTTTTTTTTTTTTTTTTTV","S000443"
"Danu_MB_1_O22","Danu_MB_1","O22","MB (1ng/uL)","Plate B","Day 12","GID9KO_BioRep 7","2","454","CAACTAG","RPI-43","TACAGC","CGATTGAGGCCGGTAATACGACTCACTATAGGGGTTCAGAGTTCTACAGTCCGACGATCNNNNNNCAACTAGCTTTTTTTTTTTTTTTTTTTTTTTTV","S000443"
"Danu_MB_1_O23","Danu_MB_1","O23","empty","N/A","N/A","N/A","N/A","455","ATACCAC","RPI-43","N/A","CGATTGAGGCCGGTAATACGACTCACTATAGGGGTTCAGAGTTCTACAGTCCGACGATCNNNNNNATACCACGTTTTTTTTTTTTTTTTTTTTTTTTV","S000443"
"Danu_MB_1_O24","Danu_MB_1","O24","empty","N/A","N/A","N/A","N/A","456","TAGGCTG","RPI-43","N/A","CGATTGAGGCCGGTAATACGACTCACTATAGGGGTTCAGAGTTCTACAGTCCGACGATCNNNNNNTAGGCTGTTTTTTTTTTTTTTTTTTTTTTTTTV","S000443"
"Danu_MB_1_P3","Danu_MB_1","P3","empty","N/A","N/A","N/A","N/A","459","ACGCCAT","RPI-43","N/A","CGATTGAGGCCGGTAATACGACTCACTATAGGGGTTCAGAGTTCTACAGTCCGACGATCNNNNNNACGCCATATTTTTTTTTTTTTTTTTTTTTTTTV","S000443"
"Danu_MB_1_P4","Danu_MB_1","P4","empty","N/A","N/A","N/A","N/A","460","TACAGCG","RPI-43","N/A","CGATTGAGGCCGGTAATACGACTCACTATAGGGGTTCAGAGTTCTACAGTCCGACGATCNNNNNNTACAGCGTTTTTTTTTTTTTTTTTTTTTTTTTV","S000443"
"Danu_MB_1_P5","Danu_MB_1","P5","empty","N/A","N/A","N/A","N/A","461","GGTGATT","RPI-43","N/A","CGATTGAGGCCGGTAATACGACTCACTATAGGGGTTCAGAGTTCTACAGTCCGACGATCNNNNNNGGTGATTCTTTTTTTTTTTTTTTTTTTTTTTTV","S000443"
"Danu_MB_1_P6","Danu_MB_1","P6","empty","N/A","N/A","N/A","N/A","462","TAGGCCA","RPI-43","N/A","CGATTGAGGCCGGTAATACGACTCACTATAGGGGTTCAGAGTTCTACAGTCCGACGATCNNNNNNTAGGCCATTTTTTTTTTTTTTTTTTTTTTTTTV","S000443"
"Danu_MB_1_P7","Danu_MB_1","P7","empty","N/A","N/A","N/A","N/A","463","TGCAGAC","RPI-43","N/A","CGATTGAGGCCGGTAATACGACTCACTATAGGGGTTCAGAGTTCTACAGTCCGACGATCNNNNNNTGCAGACTTTTTTTTTTTTTTTTTTTTTTTTTV","S000443"
"Danu_MB_1_P8","Danu_MB_1","P8","empty","N/A","N/A","N/A","N/A","464","GAGAGAA","RPI-43","N/A","CGATTGAGGCCGGTAATACGACTCACTATAGGGGTTCAGAGTTCTACAGTCCGACGATCNNNNNNGAGAGAAGTTTTTTTTTTTTTTTTTTTTTTTTV","S000443"
"Danu_MB_1_P9","Danu_MB_1","P9","empty","N/A","N/A","N/A","N/A","465","CTACGAA","RPI-43","N/A","CGATTGAGGCCGGTAATACGACTCACTATAGGGGTTCAGAGTTCTACAGTCCGACGATCNNNNNNCTACGAACTTTTTTTTTTTTTTTTTTTTTTTTV","S000443"
"Danu_MB_1_P10","Danu_MB_1","P10","empty","N/A","N/A","N/A","N/A","466","AACACCA","RPI-43","N/A","CGATTGAGGCCGGTAATACGACTCACTATAGGGGTTCAGAGTTCTACAGTCCGACGATCNNNNNNAACACCACTTTTTTTTTTTTTTTTTTTTTTTTV","S000443"
"Danu_MB_1_P11","Danu_MB_1","P11","empty","N/A","N/A","N/A","N/A","467","ACGTATC","RPI-43","N/A","CGATTGAGGCCGGTAATACGACTCACTATAGGGGTTCAGAGTTCTACAGTCCGACGATCNNNNNNACGTATCGTTTTTTTTTTTTTTTTTTTTTTTTV","S000443"
"Danu_MB_1_P12","Danu_MB_1","P12","empty","N/A","N/A","N/A","N/A","468","ACACTCG","RPI-43","N/A","CGATTGAGGCCGGTAATACGACTCACTATAGGGGTTCAGAGTTCTACAGTCCGACGATCNNNNNNACACTCGATTTTTTTTTTTTTTTTTTTTTTTTV","S000443"
"Danu_MB_1_P13","Danu_MB_1","P13","empty","N/A","N/A","N/A","N/A","469","GTACATC","RPI-43","N/A","CGATTGAGGCCGGTAATACGACTCACTATAGGGGTTCAGAGTTCTACAGTCCGACGATCNNNNNNGTACATCGTTTTTTTTTTTTTTTTTTTTTTTTV","S000443"
"Danu_MB_1_P14","Danu_MB_1","P14","empty","N/A","N/A","N/A","N/A","470","GCTTGAT","RPI-43","N/A","CGATTGAGGCCGGTAATACGACTCACTATAGGGGTTCAGAGTTCTACAGTCCGACGATCNNNNNNGCTTGATGTTTTTTTTTTTTTTTTTTTTTTTTV","S000443"
"Danu_MB_1_P15","Danu_MB_1","P15","empty","N/A","N/A","N/A","N/A","471","TCGAGAC","RPI-43","N/A","CGATTGAGGCCGGTAATACGACTCACTATAGGGGTTCAGAGTTCTACAGTCCGACGATCNNNNNNTCGAGACTTTTTTTTTTTTTTTTTTTTTTTTTV","S000443"
"Danu_MB_1_P16","Danu_MB_1","P16","empty","N/A","N/A","N/A","N/A","472","CTGGTAT","RPI-43","N/A","CGATTGAGGCCGGTAATACGACTCACTATAGGGGTTCAGAGTTCTACAGTCCGACGATCNNNNNNCTGGTATGTTTTTTTTTTTTTTTTTTTTTTTTV","S000443"
"Danu_MB_1_P17","Danu_MB_1","P17","empty","N/A","N/A","N/A","N/A","473","GTCACGT","RPI-43","N/A","CGATTGAGGCCGGTAATACGACTCACTATAGGGGTTCAGAGTTCTACAGTCCGACGATCNNNNNNGTCACGTATTTTTTTTTTTTTTTTTTTTTTTTV","S000443"
"Danu_MB_1_P18","Danu_MB_1","P18","empty","N/A","N/A","N/A","N/A","474","ACGTGTG","RPI-43","N/A","CGATTGAGGCCGGTAATACGACTCACTATAGGGGTTCAGAGTTCTACAGTCCGACGATCNNNNNNACGTGTGTTTTTTTTTTTTTTTTTTTTTTTTTV","S000443"
"Danu_MB_1_P19","Danu_MB_1","P19","empty","N/A","N/A","N/A","N/A","475","TCAGCGT","RPI-43","N/A","CGATTGAGGCCGGTAATACGACTCACTATAGGGGTTCAGAGTTCTACAGTCCGACGATCNNNNNNTCAGCGTATTTTTTTTTTTTTTTTTTTTTTTTV","S000443"
"Danu_MB_1_P20","Danu_MB_1","P20","empty","N/A","N/A","N/A","N/A","476","AGAAGAG","RPI-43","N/A","CGATTGAGGCCGGTAATACGACTCACTATAGGGGTTCAGAGTTCTACAGTCCGACGATCNNNNNNAGAAGAGGTTTTTTTTTTTTTTTTTTTTTTTTV","S000443"
"Danu_MB_1_P21","Danu_MB_1","P21","empty","N/A","N/A","N/A","N/A","457","ATGAGCT","RPI-43","N/A","CGATTGAGGCCGGTAATACGACTCACTATAGGGGTTCAGAGTTCTACAGTCCGACGATCNNNNNNATGAGCTCTTTTTTTTTTTTTTTTTTTTTTTTV","S000443"
"Danu_MB_1_P22","Danu_MB_1","P22","empty","N/A","N/A","N/A","N/A","478","ACGACTC","RPI-43","N/A","CGATTGAGGCCGGTAATACGACTCACTATAGGGGTTCAGAGTTCTACAGTCCGACGATCNNNNNNACGACTCATTTTTTTTTTTTTTTTTTTTTTTTV","S000443"
